time,seconds_elapsed,y,z,x
1761389290719364900,0.47336474609375,1.5199999809265137,1.0219999551773071,0.11900000274181366
1761389290729405200,0.4834052734375,1.5920000076293945,1.6399999856948853,0.21299999952316284
1761389290739384300,0.49338427734375,1.6490000486373901,1.6399999856948853,-0.023000000044703484
1761389290749363500,0.503363525390625,1.850000023841858,1.38100004196167,-0.20999999344348907
1761389290759373300,0.513373291015625,2.244999885559082,1.2589999437332153,-0.1809999942779541
1761389290769383000,0.5233828125,2.446000099182129,1.4739999771118164,-0.13099999725818634
1761389290779362300,0.5333623046875,2.611999988555908,1.409999966621399,-0.04500000178813934
1761389290789402600,0.543402587890625,3.1579999923706055,1.1009999513626099,0.31299999356269836
1761389290799381800,0.5533818359375,3.7249999046325684,1.309000015258789,0.5860000252723694
1761389290809391600,0.5633916015625,3.875999927520752,3.378000020980835,0.2919999957084656
1761389290819370800,0.573370849609375,3.7820000648498535,7.39300012588501,-0.4259999990463257
1761389290829380600,0.583380615234375,3.5959999561309814,11.62399959564209,-0.9929999709129333
1761389290839359700,0.59335986328125,3.5380001068115234,15.574000358581543,-0.28200000524520874
1761389290849400000,0.603400146484375,3.9049999713897705,19.496000289916992,2.0230000019073486
1761389290859379500,0.61337939453125,4.2210001945495605,22.72100067138672,3.7820000648498535
1761389290869389300,0.623389404296875,5.376999855041504,25.30699920654297,4.623000144958496
1761389290879368400,0.633368408203125,7.639999866485596,25.90999984741211,4.2129998207092285
1761389290889378300,0.64337841796875,11.152000427246094,24.257999420166016,3.9119999408721924
1761389290899357400,0.653357421875,14.284000396728516,20.89699935913086,4.623000144958496
1761389290909397800,0.663397705078125,14.95199966430664,19.33099937438965,3.7679998874664307
1761389290919377200,0.673377197265625,12.961999893188477,21.694000244140625,2.0230000019073486
1761389290929386800,0.68338671875,10.168000221252441,25.666000366210938,-0.10199999809265137
1761389290939366000,0.693365966796875,7.086999893188477,29.091999053955078,-1.2230000495910645
1761389290949406200,0.70340625,5.764999866485596,31.37700080871582,-0.9570000171661377
1761389290959385600,0.713385498046875,5.750999927520752,30.694000244140625,0.11900000274181366
1761389290969395500,0.7233955078125,6.008999824523926,28.538999557495117,0.5649999976158142
1761389290979374600,0.73337451171875,5.585000038146973,26.42799949645996,1.003000020980835
1761389290989384400,0.743384521484375,4.802000045776367,23.618999481201172,1.3550000190734863
1761389290999363600,0.753363525390625,4.5370001792907715,18.49799919128418,0.9670000076293945
1761389291009404000,0.76340380859375,4.788000106811523,12.937999725341797,0.026000000536441803
1761389291019383300,0.77338330078125,4.77400016784668,7.788000106811523,-0.49000000953674316
1761389291029393000,0.783392822265625,4.572999954223633,3.2699999809265137,-0.5120000243186951
1761389291039372300,0.793372314453125,4.400000095367432,0.3179999887943268,-0.49000000953674316
1761389291049382000,0.8033818359375,4.11299991607666,-2.0799999237060547,-0.15299999713897705
1761389291059361300,0.813361328125,3.9760000705718994,-3.760999917984009,-0.23899999260902405
1761389291069401600,0.823401611328125,3.624000072479248,-3.8610000610351562,-0.23199999332427979
1761389291079380700,0.833380615234375,3.2939999103546143,-3.6530001163482666,-0.43299999833106995
1761389291089390600,0.843390625,3.4519999027252197,-4.307000160217285,-0.8420000076293945
1761389291099369700,0.85336962890625,3.753999948501587,-4.867000102996826,-1.4529999494552612
1761389291109379600,0.863379638671875,3.617000102996826,-4.544000148773193,-2.184999942779541
1761389291119358700,0.873358642578125,2.9489998817443848,-3.3010001182556152,-2.2360000610351562
1761389291129399000,0.88339892578125,2.2239999771118164,-2.015000104904175,-1.7829999923706055
1761389291139378400,0.89337841796875,1.4700000286102295,-0.7580000162124634,-1.4670000076293945
1761389291149388000,0.903387939453125,0.8090000152587891,0.6050000190734863,-1.409999966621399
1761389291159367200,0.9133671875,0.8019999861717224,1.6759999990463257,-1.3949999809265137
1761389291169407500,0.923407470703125,0.7509999871253967,1.9839999675750732,-1.6679999828338623
1761389291179387000,0.933386962890625,1.0529999732971191,2.00600004196167,-1.3450000286102295
1761389291189396500,0.943396484375,1.003000020980835,2.0269999504089355,-1.0579999685287476
1761389291199376000,0.9533759765625,0.7870000004768372,2.1419999599456787,-0.5690000057220459
1761389291209385500,0.963385498046875,0.7580000162124634,2.746000051498413,-0.23199999332427979
1761389291219364900,0.97336474609375,0.6000000238418579,3.3919999599456787,0.11900000274181366
1761389291229405200,0.9834052734375,0.5789999961853027,3.371000051498413,0.5360000133514404
1761389291239384300,0.99338427734375,0.6000000238418579,2.437000036239624,0.8090000152587891
1761389291249394200,1.003394287109375,0.6290000081062317,1.524999976158142,0.6650000214576721
1761389291259373300,1.013373291015625,0.7799999713897705,1.3880000114440918,-0.15299999713897705
1761389291269383200,1.023383056640625,0.1340000033378601,2.7170000076293945,0.01899999938905239
1761389291279362300,1.0333623046875,-0.07400000095367432,4.052999973297119,0.44999998807907104
1761389291289372200,1.0433720703125,0.2199999988079071,4.239999771118164,0.11900000274181366
1761389291299382000,1.053382080078125,1.0889999866485596,3.3350000381469727,-0.2529999911785126
1761389291309361200,1.063361083984375,1.944000005722046,1.5679999589920044,0.5569999814033508
1761389291319371000,1.07337109375,2.2960000038146973,-0.7870000004768372,1.5770000219345093
1761389291329380600,1.083380615234375,2.6619999408721924,-1.5269999504089355,2.1019999980926514
1761389291339360000,1.093360107421875,2.6619999408721924,-0.29899999499320984,1.871999979019165
1761389291349400300,1.103400390625,2.3889999389648438,2.4730000495910645,0.9599999785423279
1761389291359379500,1.11337939453125,2.747999906539917,5.079999923706055,0.20499999821186066
1761389291369389300,1.123389404296875,3.552999973297119,6.919000148773193,0.16200000047683716
1761389291379368400,1.133368408203125,4.665999889373779,9.461999893188477,1.0240000486373901
1761389291389378300,1.14337841796875,6.210000038146973,13.484000205993652,2.5759999752044678
1761389291399357400,1.153357421875,8.206999778747559,16.895999908447266,4.11299991607666
1761389291409397800,1.163397705078125,11.517999649047852,17.513999938964844,5.146999835968018
1761389291419377200,1.173377197265625,14.57800006866455,17.47100067138672,5.053999900817871
1761389291429386800,1.18338671875,15.446999549865723,18.85700035095215,1.7569999694824219
1761389291439366100,1.1933662109375,12.704000473022461,22.599000930786133,0.08299999684095383
1761389291449406500,1.203406494140625,7.086999893188477,28.948999404907227,1.5989999771118164
1761389291459385600,1.213385498046875,1.6200000047683716,35.183998107910156,2.992000102996826
1761389291469395500,1.2233955078125,-2.134999990463257,39.6510009765625,2.740999937057495
1761389291479374600,1.23337451171875,-2.1640000343322754,38.775001525878906,2.2809998989105225
1761389291489384400,1.243384521484375,-0.10199999809265137,34.24300003051758,2.0950000286102295
1761389291499363600,1.253363525390625,0.859000027179718,29.121000289916992,2.000999927520752
1761389291509404000,1.26340380859375,0.7229999899864197,25.46500015258789,2.625999927520752
1761389291519383300,1.27338330078125,0.5139999985694885,22.118000030517578,2.4820001125335693
1761389291529393000,1.283392822265625,0.550000011920929,18.426000595092773,1.0750000476837158
1761389291539372300,1.293372314453125,1.340000033378601,14.755000114440918,0.6150000095367432
1761389291549382000,1.3033818359375,1.843000054359436,9.74899959564209,0.7009999752044678
1761389291559361300,1.313361328125,2.3389999866485596,4.031000137329102,0.5429999828338623
1761389291569371000,1.323370849609375,2.86299991607666,1.2009999752044678,0.6150000095367432
1761389291579380700,1.333380615234375,2.747999906539917,-0.4779999852180481,-0.05900000035762787
1761389291589360000,1.343360107421875,3.1070001125335693,-1.2330000400543213,-2.062999963760376
1761389291599369700,1.35336962890625,4.033999919891357,-2.0299999713897705,-2.9539999961853027
1761389291609379600,1.363379638671875,4.458000183105469,-4.335999965667725,-2.5160000324249268
1761389291619358700,1.373358642578125,4.033999919891357,-5.090000152587891,-1.0429999828338623
1761389291629399000,1.38339892578125,3.38700008392334,-3.796999931335449,-0.382999986410141
1761389291639378400,1.39337841796875,3,-1.99399995803833,-0.5260000228881836
1761389291649388000,1.403387939453125,2.2739999294281006,-0.414000004529953,-0.7919999957084656
1761389291659367400,1.413367431640625,1.5920000076293945,0.6700000166893005,-0.777999997138977
1761389291669377000,1.423376953125,1.656000018119812,1.2450000047683716,-0.4189999997615814
1761389291679387000,1.433386962890625,1.6779999732971191,1.812000036239624,-0.2529999911785126
1761389291689366300,1.4433662109375,1.3259999752044678,2.4079999923706055,-0.2529999911785126
1761389291699375900,1.4533759765625,1.1030000448226929,2.8459999561309814,-0.3319999873638153
1761389291709385700,1.4633857421875,1.0820000171661377,3.2769999504089355,-0.43299999833106995
1761389291719364900,1.47336474609375,0.9879999756813049,3.312999963760376,-0.289000004529953
1761389291729405200,1.4834052734375,0.9309999942779541,3.111999988555908,-0.04500000178813934
1761389291739384600,1.493384521484375,1.0390000343322754,3.177000045776367,0.08299999684095383
1761389291749394200,1.503394287109375,1.003000020980835,3.3989999294281006,-0.052000001072883606
1761389291759373600,1.51337353515625,0.9879999756813049,3.9170000553131104,-0.5049999952316284
1761389291769383200,1.523383056640625,1.0099999904632568,4.3979997634887695,-0.22499999403953552
1761389291779362600,1.533362548828125,0.9670000076293945,4.3979997634887695,0.38499999046325684
1761389291789372200,1.5433720703125,1.059999942779541,4.261000156402588,0.7580000162124634
1761389291799382000,1.553382080078125,1.2039999961853027,3.872999906539917,0.7870000004768372
1761389291809361200,1.563361083984375,1.2829999923706055,3.1700000762939453,0.5929999947547913
1761389291819371000,1.57337109375,1.2760000228881836,2.5950000286102295,0.6000000238418579
1761389291829380900,1.583380859375,1.1679999828338623,2.1640000343322754,0.6150000095367432
1761389291839360000,1.593360107421875,1.059999942779541,1.819000005722046,0.5360000133514404
1761389291849400300,1.603400390625,0.9599999785423279,2.3359999656677246,0.2770000100135803
1761389291859379700,1.613379638671875,0.5360000133514404,3.4779999256134033,-0.25999999046325684
1761389291869389300,1.623389404296875,-0.40400001406669617,5.188000202178955,-0.8709999918937683
1761389291879368400,1.633368408203125,-1.0870000123977661,8.074999809265137,-1.3949999809265137
1761389291889378300,1.64337841796875,-0.9639999866485596,12.197999954223633,-1.1299999952316284
1761389291899357400,1.653357421875,-0.38999998569488525,16.343000411987305,-1.0360000133514404
1761389291909397800,1.663397705078125,0.671999990940094,18.40399932861328,-1.7979999780654907
1761389291919377200,1.673377197265625,2.424999952316284,17.63599967956543,-2.881999969482422
1761389291929386800,1.68338671875,5.083000183105469,14.432000160217285,-3.5429999828338623
1761389291939366100,1.6933662109375,8.371999740600586,11.616999626159668,-4.017000198364258
1761389291949406500,1.703406494140625,10.678000450134277,12.36400032043457,-4.914999961853027
1761389291959385600,1.713385498046875,10.269000053405762,17.097000122070312,-7.063000202178955
1761389291969395500,1.7233955078125,7.4670000076293945,23.030000686645508,-8.26200008392334
1761389291979374600,1.73337451171875,4.7230000495910645,32.00899887084961,-8.699999809265137
1761389291989384400,1.743384521484375,2.1019999980926514,40.972999572753906,-9.425999641418457
1761389291999363600,1.753363525390625,0.9520000219345093,45.02399826049805,-8.505999565124512
1761389292009404000,1.76340380859375,1.7569999694824219,42.40999984741211,-5.323999881744385
1761389292019383000,1.773383056640625,2.6040000915527344,37.43899917602539,-2.572999954223633
1761389292029393000,1.783392822265625,3.3440001010894775,32.073001861572266,-1.0069999694824219
1761389292039372300,1.793372314453125,4.2210001945495605,27.6560001373291,-0.7269999980926514
1761389292049382000,1.8033818359375,4.809999942779541,22.965999603271484,-0.44699999690055847
1761389292059361300,1.813361328125,4.716000080108643,17.3700008392334,0.328000009059906
1761389292069401600,1.823401611328125,4.400000095367432,12.456999778747559,0.8880000114440918
1761389292079380700,1.833380615234375,3.803999900817871,8.097000122070312,1.3040000200271606
1761389292089390300,1.843390380859375,3.071000099182129,4.40500020980835,1.5920000076293945
1761389292099369700,1.85336962890625,2.5399999618530273,1.5679999589920044,2.059000015258789
1761389292109379300,1.86337939453125,2.510999917984009,-0.6650000214576721,2.2960000038146973
1761389292119358700,1.873358642578125,2.7699999809265137,-1.9359999895095825,2.244999885559082
1761389292129399000,1.88339892578125,3.071000099182129,-2.984999895095825,2.2309999465942383
1761389292139378200,1.893378173828125,3.1070001125335693,-3.6530001163482666,2.1659998893737793
1761389292149388000,1.903387939453125,3.0929999351501465,-3.9619998931884766,1.99399995803833
1761389292159367200,1.9133671875,2.927999973297119,-3.8399999141693115,1.562999963760376
1761389292169407500,1.923407470703125,2.5250000953674316,-3.7320001125335693,0.9670000076293945
1761389292179387000,1.933386962890625,1.7860000133514404,-3.7179999351501465,0.08299999684095383
1761389292189396500,1.943396484375,1.2610000371932983,-3.760999917984009,-0.4690000116825104
1761389292199376000,1.9533759765625,0.8019999861717224,-3.609999895095825,-0.6119999885559082
1761389292209385500,1.963385498046875,0.5569999814033508,-3.308000087738037,-0.7919999957084656
1761389292219364900,1.97336474609375,0.47099998593330383,-2.877000093460083,-1.3380000591278076
1761389292229405000,1.983405029296875,0.23399999737739563,-2.4679999351501465,-1.812000036239624
1761389292239384300,1.99338427734375,-0.03799999877810478,-2.115999937057495,-1.9700000286102295
1761389292249394200,2.003394287109375,-0.3109999895095825,-1.7070000171661377,-1.9129999876022339
1761389292259373300,2.013373291015625,-0.4189999997615814,-1.0169999599456787,-1.6399999856948853
1761389292269383000,2.0233828125,-0.44699999690055847,-0.16899999976158142,-1.4459999799728394
1761389292279362300,2.0333623046875,-0.43299999833106995,0.7919999957084656,-1.3309999704360962
1761389292289402600,2.043402587890625,-0.41100001335144043,1.6759999990463257,-1.0789999961853027
1761389292299381800,2.0533818359375,-0.34700000286102295,2.184999942779541,-0.5260000228881836
1761389292309391600,2.0633916015625,-0.23899999260902405,2.1059999465942383,0.12600000202655792
1761389292319371000,2.07337109375,-0.11699999868869781,1.9199999570846558,0.39899998903274536
1761389292329380600,2.083380615234375,0.09000000357627869,1.8839999437332153,0.2409999966621399
1761389292339360000,2.093360107421875,0.5139999985694885,1.6679999828338623,0.16899999976158142
1761389292349400300,2.103400390625,0.8730000257492065,1.9049999713897705,-0.04500000178813934
1761389292359379500,2.11337939453125,0.9240000247955322,2.868000030517578,-0.375
1761389292369389300,2.123389404296875,0.8809999823570251,4.074999809265137,-0.5479999780654907
1761389292379368400,2.133368408203125,1.1820000410079956,5.955999851226807,-0.8849999904632568
1761389292389378300,2.14337841796875,1.7209999561309814,8.958999633789062,-1.6829999685287476
1761389292399357400,2.153357421875,2.1449999809265137,13.154000282287598,-2.9110000133514404
1761389292409397800,2.163397705078125,2.6040000915527344,17.593000411987305,-4.2179999351501465
1761389292419377000,2.173376953125,3.186000108718872,22.239999771118164,-5.195000171661377
1761389292429386800,2.18338671875,4.2779998779296875,24.868999481201172,-5.639999866485596
1761389292439366000,2.193365966796875,5.873000144958496,25.444000244140625,-5.583000183105469
1761389292449406200,2.20340625,7.258999824523926,25.90999984741211,-7.091000080108643
1761389292459385600,2.213385498046875,8.437000274658203,28.538999557495117,-8.355999946594238
1761389292469395200,2.223395263671875,7.890999794006348,34.51599884033203,-8.916000366210938
1761389292479374600,2.23337451171875,5.557000160217285,39.30699920654297,-9.189000129699707
1761389292489384400,2.243384521484375,5.169000148773193,38.16400146484375,-9.383000373840332
1761389292499363600,2.253363525390625,7.065000057220459,32.827999114990234,-7.421999931335449
1761389292509404000,2.26340380859375,9.04800033569336,26.08300018310547,-3.7149999141693115
1761389292519383000,2.273383056640625,10.232999801635742,22.77899932861328,-0.5120000243186951
1761389292529393000,2.283392822265625,10.010000228881836,22.61400032043457,1.6990000009536743
1761389292539372000,2.2933720703125,8.336000442504883,22.635000228881836,2.1519999504089355
1761389292549382000,2.3033818359375,6.914000034332275,20.3439998626709,1.7350000143051147
1761389292559361000,2.313361083984375,6.238999843597412,17.593000411987305,1.218000054359436
1761389292569401300,2.3234013671875,5.125999927520752,15.194000244140625,0.4350000023841858
1761389292579380700,2.333380615234375,3.624000072479248,12.442999839782715,-0.15299999713897705
1761389292589390300,2.343390380859375,2.7909998893737793,9.913999557495117,-1.121999979019165
1761389292599369700,2.35336962890625,2.2880001068115234,7.191999912261963,-0.1809999942779541
1761389292609379600,2.363379638671875,1.4839999675750732,3.4210000038146973,0.5289999842643738
1761389292619358700,2.373358642578125,1.1820000410079956,0.23899999260902405,0.9739999771118164
1761389292629399000,2.38339892578125,1.1180000305175781,-2.316999912261963,1.9010000228881836
1761389292639378200,2.393378173828125,1.2330000400543213,-4.946000099182129,2.4609999656677246
1761389292649388000,2.403387939453125,1.5920000076293945,-6.159999847412109,2.0799999237060547
1761389292659367200,2.4133671875,1.9359999895095825,-6.361000061035156,1.850000023841858
1761389292669407500,2.423407470703125,2.496999979019165,-6.382999897003174,2.5829999446868896
1761389292679387000,2.433386962890625,2.6480000019073486,-5.908999919891357,2.2880001068115234
1761389292689366000,2.443365966796875,1.965000033378601,-4.688000202178955,1.2610000371932983
1761389292699375900,2.4533759765625,1.4550000429153442,-3.609999895095825,0.621999979019165
1761389292709385700,2.4633857421875,1.340000033378601,-2.8989999294281006,0.2770000100135803
1761389292719364900,2.47336474609375,1.1970000267028809,-2.316999912261963,-0.16699999570846558
1761389292729405200,2.4834052734375,0.8730000257492065,-1.5989999771118164,-0.949999988079071
1761389292739384300,2.49338427734375,0.5860000252723694,-0.5860000252723694,-1.7690000534057617
1761389292749394200,2.503394287109375,0.19099999964237213,-0.0689999982714653,-2.2070000171661377
1761389292759373300,2.513373291015625,-0.01600000075995922,0.29600000381469727,-2.3440001010894775
1761389292769383200,2.523383056640625,-0.08100000023841858,1.309000015258789,-2.3359999656677246
1761389292779362300,2.5333623046875,-0.25999999046325684,2.7170000076293945,-1.8049999475479126
1761389292789402600,2.543402587890625,-0.6200000047683716,4.017000198364258,-1.2949999570846558
1761389292799382000,2.553382080078125,-0.8140000104904175,4.548999786376953,-1.0219999551773071
1761389292809361200,2.563361083984375,-0.6840000152587891,4.548999786376953,-0.6909999847412109
1761389292819371000,2.57337109375,-0.5550000071525574,4.484000205993652,-0.4690000116825104
1761389292829380600,2.583380615234375,-0.4259999990463257,4.210999965667725,-0.3319999873638153
1761389292839360000,2.593360107421875,-0.3109999895095825,3.9739999771118164,-0.3970000147819519
1761389292849400300,2.603400390625,-0.3109999895095825,3.7079999446868896,-0.5910000205039978
1761389292859379500,2.61337939453125,-0.2029999941587448,3.312999963760376,-0.5910000205039978
1761389292869389300,2.623389404296875,0.08299999684095383,2.680999994277954,-0.4690000116825104
1761389292879368400,2.633368408203125,0.3199999928474426,2.572999954223633,-0.5479999780654907
1761389292889378300,2.64337841796875,0.550000011920929,2.825000047683716,-0.7419999837875366
1761389292899357400,2.653357421875,0.8450000286102295,3.3350000381469727,-1.1299999952316284
1761389292909397800,2.663397705078125,1.340000033378601,4.254000186920166,-1.8049999475479126
1761389292919377200,2.673377197265625,2.115999937057495,6.150000095367432,-2.694999933242798
1761389292929386800,2.68338671875,2.8489999771118164,10.37399959564209,-4.261000156402588
1761389292939366000,2.693365966796875,3.1500000953674316,16.788000106811523,-6.803999900817871
1761389292949406500,2.703406494140625,3.1429998874664307,23.604999542236328,-8.944999694824219
1761389292959385600,2.713385498046875,3.875999927520752,28.8700008392334,-9.878000259399414
1761389292969395500,2.7233955078125,6.289000034332275,29.89699935913086,-7.88100004196167
1761389292979374600,2.73337451171875,9.442999839782715,28.395999908447266,-5.5329999923706055
1761389292989384400,2.743384521484375,11.86299991607666,28.395999908447266,-4.513000011444092
1761389292999363600,2.753363525390625,11.697999954223633,30.486000061035156,-4.793000221252441
1761389293009404000,2.76340380859375,9.241000175476074,34.832000732421875,-5.790999889373779
1761389293019383300,2.77338330078125,6.61299991607666,39.097999572753906,-6.961999893188477
1761389293029393200,2.78339306640625,4.314000129699707,40.93000030517578,-7.4720001220703125
1761389293039372300,2.793372314453125,3.0929999351501465,38.709999084472656,-6.7829999923706055
1761389293049382100,2.803382080078125,2.367000102996826,33.8120002746582,-5.000999927520752
1761389293059361300,2.813361328125,1.684999942779541,27.634000778198242,-3.74399995803833
1761389293069401600,2.823401611328125,1.2039999961853027,21.715999603271484,-2.243000030517578
1761389293079380700,2.833380615234375,0.9449999928474426,15.932999610900879,-0.3610000014305115
1761389293089360100,2.843360107421875,1.4839999675750732,10.48900032043457,0.9739999771118164
1761389293099369700,2.85336962890625,1.9079999923706055,6.150000095367432,1.2330000400543213
1761389293109379600,2.863379638671875,2.2019999027252197,2.5299999713897705,0.9309999942779541
1761389293119358700,2.873358642578125,3.5739998817443848,0.5120000243186951,-0.20999999344348907
1761389293129399000,2.88339892578125,6.914000034332275,-0.5429999828338623,-2.7820000648498535
1761389293139378400,2.89337841796875,7.676000118255615,-3.5889999866485596,-3.4570000171661377
1761389293149388300,2.90338818359375,7.51800012588501,-6.238999843597412,0.23399999737739563
1761389293159367400,2.913367431640625,6.75600004196167,-8.60200023651123,3.236999988555908
1761389293169407700,2.92340771484375,5.341000080108643,-10.979999542236328,4.35699987411499
1761389293179387000,2.933386962890625,4.335999965667725,-10.92199993133545,4.249000072479248
1761389293189366300,2.9433662109375,3.5739998817443848,-9.442999839782715,3.056999921798706
1761389293199376000,2.9533759765625,3.178999900817871,-7.611000061035156,0.5789999961853027
1761389293209385700,2.9633857421875,2.375,-4.716000080108643,-0.9789999723434448
1761389293219364900,2.97336474609375,0.6940000057220459,-0.9879999756813049,-1.1579999923706055
1761389293229405200,2.9834052734375,-1.0429999828338623,-0.25600001215934753,-0.6200000047683716
1761389293239384600,2.993384521484375,-2.1419999599456787,-0.3709999918937683,0.14800000190734863
1761389293249394200,3.003394287109375,-2.9609999656677246,-0.2919999957084656,0.3199999928474426
1761389293259373600,3.01337353515625,-3.572000026702881,-0.6359999775886536,0.07599999755620956
1761389293269383200,3.023383056640625,-3.2699999809265137,-0.7870000004768372,-0.3970000147819519
1761389293279362600,3.033362548828125,-2.996999979019165,-0.16899999976158142,-1.437999963760376
1761389293289402600,3.043402587890625,-3.0190000534057617,0.9570000171661377,-1.8550000190734863
1761389293299382000,3.053382080078125,-2.7669999599456787,1.9839999675750732,-1.5750000476837158
1761389293309392000,3.063391845703125,-2.559000015258789,2.49399995803833,-1.0290000438690186
1761389293319371000,3.07337109375,-2.2209999561309814,2.694999933242798,-0.6990000009536743
1761389293329380900,3.083380859375,-1.690000057220459,2.818000078201294,-0.44699999690055847
1761389293339360000,3.093360107421875,-1.309000015258789,2.2860000133514404,-0.1889999955892563
1761389293349400300,3.103400390625,-0.7850000262260437,1.38100004196167,-0.289000004529953
1761389293359379500,3.11337939453125,-0.6629999876022339,0.5690000057220459,-0.6119999885559082
1761389293369389300,3.123389404296875,-0.36800000071525574,-0.004000000189989805,-0.21699999272823334
1761389293379368400,3.133368408203125,-0.03799999877810478,0.11699999868869781,0.03999999910593033
1761389293389378300,3.14337841796875,0.06199999898672104,1.0579999685287476,0.01899999938905239
1761389293399357400,3.153357421875,0.08299999684095383,2.0850000381469727,0.3779999911785126
1761389293409397800,3.163397705078125,-0.04500000178813934,3.378000020980835,1.0460000038146973
1761389293419377200,3.173377197265625,-0.04500000178813934,4.958000183105469,1.50600004196167
1761389293429417200,3.183417236328125,-0.2750000059604645,7.744999885559082,1.6349999904632568
1761389293439366100,3.1933662109375,-0.8640000224113464,11.890000343322754,1.4190000295639038
1761389293449406500,3.203406494140625,-1.718999981880188,17.42799949645996,0.22699999809265137
1761389293459385600,3.213385498046875,-2.128000020980835,25.091999053955078,-1.7619999647140503
1761389293469395500,3.2233955078125,-1.5099999904632568,31.003000259399414,-3.249000072479248
1761389293479374600,3.23337451171875,0.765999972820282,32.47600173950195,-2.933000087738037
1761389293489384400,3.243384521484375,4.126999855041504,29.386999130249023,-1.8769999742507935
1761389293499363600,3.253363525390625,8.767000198364258,24.37299919128418,-1.718999981880188
1761389293509404000,3.26340380859375,11.675999641418457,19.475000381469727,-2.933000087738037
1761389293519383000,3.273383056640625,11.72700023651123,18.16699981689453,-2.378999948501587
1761389293529393000,3.283392822265625,8.364999771118164,21.242000579833984,-0.9070000052452087
1761389293539372300,3.293372314453125,3.609999895095825,27.066999435424805,-1.121999979019165
1761389293549382000,3.3033818359375,1.253999948501587,32.332000732421875,-1.2730000019073486
1761389293559361300,3.313361328125,0.5789999961853027,35.672000885009766,-1.2519999742507935
1761389293569401300,3.3234013671875,-0.07400000095367432,34.92499923706055,-1.093999981880188
1761389293579380700,3.333380615234375,-0.7699999809265137,32.43299865722656,-0.8489999771118164
1761389293589390300,3.343390380859375,-1.0720000267028809,28.25200080871582,-1.0360000133514404
1761389293599369700,3.35336962890625,-0.8059999942779541,22.490999221801758,-1.2230000495910645
1761389293609379600,3.363379638671875,-0.08100000023841858,15.789999961853027,-0.43299999833106995
1761389293619358700,3.373358642578125,0.23399999737739563,9.052000045776367,0.7149999737739563
1761389293629399000,3.38339892578125,1.031000018119812,4.64900016784668,2.0299999713897705
1761389293639378200,3.393378173828125,1.4479999542236328,1.9559999704360962,2.1449999809265137
1761389293649388000,3.403387939453125,1.4550000429153442,0.25999999046325684,1.0889999866485596
1761389293659367200,3.4133671875,1.9800000190734863,-0.8880000114440918,-0.05900000035762787
1761389293669407500,3.423407470703125,2.7119998931884766,-1.5490000247955322,-0.8059999942779541
1761389293679387000,3.433386962890625,3.063999891281128,-1.7139999866485596,-0.7350000143051147
1761389293689396500,3.443396484375,3.0209999084472656,-1.8860000371932983,-0.34700000286102295
1761389293699375900,3.4533759765625,2.9709999561309814,-2.3239998817443848,0.04699999839067459
1761389293709385700,3.4633857421875,2.927999973297119,-2.7190001010894775,0.414000004529953
1761389293719364900,3.47336474609375,3.063999891281128,-2.5329999923706055,0.7440000176429749
1761389293729405200,3.4834052734375,3.2079999446868896,-1.1319999694824219,0.5860000252723694
1761389293739384300,3.49338427734375,2.8559999465942383,0.8140000104904175,-0.03799999877810478
1761389293749394200,3.503394287109375,2.2669999599456787,2.062999963760376,-0.9929999709129333
1761389293759373300,3.513373291015625,1.534000039100647,2.25,-1.5460000038146973
1761389293769383200,3.523383056640625,0.9169999957084656,2.437000036239624,-1.3739999532699585
1761389293779362300,3.5333623046875,0.33500000834465027,2.5369999408721924,-1.1009999513626099
1761389293789402600,3.543402587890625,-0.16699999570846558,2.746000051498413,-0.6840000152587891
1761389293799382000,3.553382080078125,0.026000000536441803,2.3940000534057617,-0.5910000205039978
1761389293809391600,3.5633916015625,-0.25999999046325684,2.1640000343322754,-0.640999972820282
1761389293819371000,3.57337109375,-0.7559999823570251,2.1500000953674316,-0.5619999766349792
1761389293829380600,3.583380615234375,-0.9139999747276306,2.1710000038146973,-0.5690000057220459
1761389293839360000,3.593360107421875,-0.9279999732971191,2.128000020980835,-0.4399999976158142
1761389293849400300,3.603400390625,-0.9570000171661377,2.2290000915527344,-0.30399999022483826
1761389293859379500,3.61337939453125,-1,2.2860000133514404,-0.3540000021457672
1761389293869389300,3.623389404296875,-1.121999979019165,2.4149999618530273,-0.3970000147819519
1761389293879368400,3.633368408203125,-1.1799999475479126,2.5299999713897705,-0.19599999487400055
1761389293889378300,3.64337841796875,-1.0579999685287476,3.003999948501587,0.31299999356269836
1761389293899357400,3.653357421875,-0.7559999823570251,3.74399995803833,0.7300000190734863
1761389293909397800,3.663397705078125,-0.41100001335144043,4.138999938964844,0.8019999861717224
1761389293919377000,3.673376953125,0.34200000762939453,4.585000038146973,1.0959999561309814
1761389293929386800,3.68338671875,1.4620000123977661,5.260000228881836,1.7280000448226929
1761389293939366000,3.693365966796875,2.7909998893737793,5.978000164031982,1.6990000009536743
1761389293949406200,3.70340625,3.7679998874664307,7.946000099182129,0.8019999861717224
1761389293959385600,3.713385498046875,3.796999931335449,11.637999534606934,0.5070000290870667
1761389293969395500,3.7233955078125,3.803999900817871,16.46500015258789,1.0169999599456787
1761389293979374600,3.73337451171875,4.702000141143799,21.42099952697754,1.3910000324249268
1761389293989384400,3.743384521484375,6.0879998207092285,25.408000946044922,-0.33899998664855957
1761389293999363600,3.753363525390625,7.639999866485596,24.257999420166016,-3.7869999408721924
1761389294009404000,3.76340380859375,9.701000213623047,21.011999130249023,-7.077000141143799
1761389294019383000,3.773383056640625,9.737000465393066,19.381000518798828,-6.366000175476074
1761389294029393000,3.783392822265625,5.873000144958496,20.774999618530273,-2.8320000171661377
1761389294039372000,3.7933720703125,1.031000018119812,25.099000930786133,-0.4259999990463257
1761389294049382000,3.8033818359375,-2.933000087738037,29.14299964904785,0.5
1761389294059361000,3.813361083984375,-4.232999801635742,33.8120002746582,0.8880000114440918
1761389294069401300,3.8234013671875,-4.3979997634887695,37.518001556396484,0.1120000034570694
1761389294079380700,3.833380615234375,-4.118000030517578,39.59400177001953,-0.6200000047683716
1761389294089390600,3.843390625,-3.4779999256134033,37.97800064086914,-0.1459999978542328
1761389294099369700,3.85336962890625,-2.134999990463257,32.5620002746582,0.9169999957084656
1761389294109379600,3.863379638671875,0.42800000309944153,23.101999282836914,0.7080000042915344
1761389294119358700,3.873358642578125,2.115999937057495,14.036999702453613,0.026000000536441803
1761389294129399000,3.88339892578125,3.1070001125335693,7.170000076293945,-0.4830000102519989
1761389294139378200,3.893378173828125,3.3949999809265137,2.7960000038146973,-0.7059999704360962
1761389294149388000,3.903387939453125,3.631999969482422,-0.39899998903274536,-0.6629999876022339
1761389294159367200,3.9133671875,3.803999900817871,-3.178999900817871,-0.640999972820282
1761389294169407500,3.923407470703125,4.2210001945495605,-5.50600004196167,-0.375
1761389294179387000,3.933386962890625,4.435999870300293,-6.591000080108643,-0.0949999988079071
1761389294189396700,3.943396728515625,4.084000110626221,-5.9730000495910645,0.33500000834465027
1761389294199376000,3.9533759765625,3.681999921798706,-5.111000061035156,0.44200000166893005
1761389294209385700,3.9633857421875,3.2799999713897705,-4.249000072479248,0.6000000238418579
1761389294219364900,3.97336474609375,2.812999963760376,-3.3299999237060547,1.0670000314712524
1761389294229405200,3.9834052734375,2.4030001163482666,-2.503999948501587,1.3550000190734863
1761389294239384300,3.99338427734375,1.944000005722046,-1.8289999961853027,1.4620000123977661
1761389294249394200,4.003394287109375,1.5130000114440918,-1.2400000095367432,1.4620000123977661
1761389294259373300,4.013373291015625,1.1749999523162842,-0.8299999833106995,1.319000005722046
1761389294269383200,4.023383056640625,0.9599999785423279,-0.44200000166893005,1.059999942779541
1761389294279362300,4.0333623046875,0.7080000042915344,-0.27000001072883606,0.5860000252723694
1761389294289402600,4.043402587890625,0.3919999897480011,-0.1550000011920929,0.09000000357627869
1761389294299382000,4.053382080078125,0.11900000274181366,0.3610000014305115,-0.47600001096725464
1761389294309391600,4.0633916015625,-0.06700000166893005,0.7559999823570251,-0.6769999861717224
1761389294319371000,4.07337109375,0.08299999684095383,0.25999999046325684,-0.5979999899864197
1761389294329380600,4.083380615234375,-0.6050000190734863,0.6480000019073486,-0.6480000019073486
1761389294339360000,4.093360107421875,-0.40400001406669617,0.9210000038146973,-0.7419999837875366
1761389294349400300,4.103400390625,-0.08799999952316284,0.9430000185966492,-0.8640000224113464
1761389294359379500,4.11337939453125,-0.01600000075995922,1.2799999713897705,-0.9279999732971191
1761389294369389300,4.123389404296875,0.07599999755620956,1.8619999885559082,-0.9430000185966492
1761389294379368400,4.133368408203125,0.16200000047683716,2.0989999771118164,-0.7630000114440918
1761389294389378300,4.14337841796875,0.29899999499320984,2.703000068664551,-0.6480000019073486
1761389294399357400,4.153357421875,0.5569999814033508,3.3559999465942383,-0.640999972820282
1761389294409397800,4.163397705078125,1.0240000486373901,3.7300000190734863,-0.4259999990463257
1761389294419377200,4.173377197265625,1.8220000267028809,4.361999988555908,-0.04500000178813934
1761389294429386800,4.18338671875,2.4609999656677246,5.676000118255615,0.3630000054836273
1761389294439366000,4.193365966796875,2.640000104904175,7.442999839782715,0.08299999684095383
1761389294449406200,4.20340625,3.0350000858306885,10.76200008392334,0.38499999046325684
1761389294459385600,4.213385498046875,4.170000076293945,15.279999732971191,2.072999954223633
1761389294469395500,4.2233955078125,5.764999866485596,19.575000762939453,0.6079999804496765
1761389294479374600,4.23337451171875,7.955999851226807,23.885000228881836,-2.38700008392334
1761389294499363600,4.253363525390625,9.593000411987305,29.545000076293945,-2.2790000438690186
1761389294509404000,4.26340380859375,6.870999813079834,31.642000198364258,-0.41100001335144043
1761389294519383000,4.273383056640625,3.681999921798706,32.957000732421875,-0.40400001406669617
1761389294529393000,4.283392822265625,-0.1599999964237213,35.26300048828125,-1.1080000400543213
1761389294539372300,4.293372314453125,-2.0920000076293945,37.604000091552734,-1.2009999752044678
1761389294549382000,4.3033818359375,-2.134999990463257,37.20199966430664,-0.6480000019073486
1761389294559361000,4.313361083984375,-0.5550000071525574,33.46699905395508,0.14100000262260437
1761389294569371000,4.323370849609375,1.7710000276565552,29.179000854492188,0.8519999980926514
1761389294579380700,4.333380615234375,3.4519999027252197,25.299999237060547,0.8299999833106995
1761389294589390600,4.343390625,3.9189999103546143,21.80900001525879,0.49300000071525574
1761389294599369700,4.35336962890625,4.005000114440918,18.31100082397461,0.765999972820282
1761389294609379600,4.363379638671875,3.8329999446868896,14.432000160217285,0.9309999942779541
1761389294619358700,4.373358642578125,3.940000057220459,10.086999893188477,0.9240000247955322
1761389294629399000,4.38339892578125,3.86899995803833,6.473999977111816,0.7509999871253967
1761389294639378200,4.393378173828125,3.6600000858306885,2.8610000610351562,0.9169999957084656
1761389294649388000,4.403387939453125,3.5450000762939453,0.2029999941587448,1.4049999713897705
1761389294659367200,4.4133671875,3.265000104904175,-1.4980000257492065,1.4479999542236328
1761389294669407500,4.423407470703125,2.934999942779541,-2.3889999389648438,1.253999948501587
1761389294679387000,4.433386962890625,2.747999906539917,-2.755000114440918,0.8159999847412109
1761389294689396700,4.443396728515625,2.510999917984009,-3.056999921798706,0.5070000290870667
1761389294699375900,4.4533759765625,2.359999895095825,-3.703000068664551,0.44200000166893005
1761389294709385700,4.4633857421875,2.3389999866485596,-4.235000133514404,0.24899999797344208
1761389294719364900,4.47336474609375,2.2669999599456787,-4.802000045776367,0.032999999821186066
1761389294729405200,4.4834052734375,2.1740000247955322,-5.241000175476074,0.06199999898672104
1761389294739384600,4.493384521484375,2.059000015258789,-5.111000061035156,0.03999999910593033
1761389294749394200,4.503394287109375,1.7070000171661377,-4.256999969482422,0.16899999976158142
1761389294759373600,4.51337353515625,1.253999948501587,-3.322999954223633,0.2840000092983246
1761389294769383200,4.523383056640625,0.8519999980926514,-2.3459999561309814,0.08299999684095383
1761389294779362300,4.5333623046875,0.414000004529953,-0.9670000076293945,-0.13099999725818634
1761389294789403000,4.54340283203125,-0.12399999797344208,0.32499998807907104,0.026000000536441803
1761389294799382000,4.553382080078125,-0.5049999952316284,1.2230000495910645,0.2840000092983246
1761389294809391600,4.5633916015625,-0.6990000009536743,1.6109999418258667,0.19099999964237213
1761389294819371000,4.57337109375,-0.7200000286102295,1.9049999713897705,-0.16699999570846558
1761389294829380900,4.583380859375,-0.8059999942779541,2.0420000553131104,-0.382999986410141
1761389294839360000,4.593360107421875,-0.8349999785423279,2.1640000343322754,-0.3610000014305115
1761389294849400300,4.603400390625,-0.7059999704360962,2.4730000495910645,-0.375
1761389294859379500,4.61337939453125,-0.5770000219345093,2.7960000038146973,-0.4620000123977661
1761389294869389300,4.623389404296875,-0.3179999887943268,2.818000078201294,-0.38999998569488525
1761389294879368400,4.633368408203125,0.10499999672174454,2.7239999771118164,-0.5189999938011169
1761389294889378300,4.64337841796875,0.47099998593330383,2.802999973297119,-1
1761389294899388000,4.653387939453125,0.8379999995231628,2.5160000324249268,-0.9860000014305115
1761389294909397800,4.663397705078125,1.253999948501587,1.9049999713897705,-0.5979999899864197
1761389294919377200,4.673377197265625,1.7070000171661377,2.2139999866485596,-0.25999999046325684
1761389294929386800,4.68338671875,1.7209999561309814,4.131999969482422,0.06199999898672104
1761389294939366100,4.6933662109375,1.5989999771118164,7.63700008392334,0.8379999995231628
1761389294949406500,4.703406494140625,1.3760000467300415,12.486000061035156,2.072999954223633
1761389294959385600,4.713385498046875,1.0169999599456787,17.77199935913086,3.121999979019165
1761389294969395500,4.7233955078125,1.6059999465942383,21.097999572753906,3.1649999618530273
1761389294979374600,4.73337451171875,3.6029999256134033,22.167999267578125,2.0950000286102295
1761389294989384400,4.743384521484375,5.945000171661377,19.66900062561035,1.0460000038146973
1761389294999363600,4.753363525390625,8.048999786376953,15.718000411987305,-0.49000000953674316
1761389295009404000,4.76340380859375,8.666999816894531,14.576000213623047,-2.128000020980835
1761389295019383000,4.773383056640625,6.468999862670898,18.31100082397461,-3.7230000495910645
1761389295029393000,4.783392822265625,2.3389999866485596,24.783000946044922,-4.3979997634887695
1761389295039372300,4.793372314453125,-0.8999999761581421,30.715999603271484,-2.8970000743865967
1761389295049382000,4.8033818359375,-1.7619999647140503,32.749000549316406,1.0390000343322754
1761389295059361000,4.813361083984375,-1.1510000228881836,33.35900115966797,2.115999937057495
1761389295069401300,4.8234013671875,-0.7059999704360962,34.40800094604492,1.555999994277954
1761389295079380700,4.833380615234375,-0.7269999980926514,35.23400115966797,0.7229999899864197
1761389295089390300,4.843390380859375,-0.45399999618530273,35.284000396728516,0.5929999947547913
1761389295099369700,4.85336962890625,0.4779999852180481,33.847999572753906,0.7369999885559082
1761389295109410000,4.86341015625,1.8860000371932983,30.67300033569336,0.6150000095367432
1761389295119358700,4.873358642578125,2.7119998931884766,24.868999481201172,0.550000011920929
1761389295129399000,4.88339892578125,3.3010001182556152,17.902000427246094,1.1890000104904175
1761389295139378200,4.893378173828125,3.6530001163482666,10.776000022888184,2.115999937057495
1761389295149388000,4.903387939453125,3.4660000801086426,4.375999927520752,3.171999931335449
1761389295159367200,4.9133671875,3.128999948501587,1.5460000038146973,3.0859999656677246
1761389295169407500,4.923407470703125,3.0280001163482666,0.01600000075995922,2.7980000972747803
1761389295179386600,4.93338671875,3.186000108718872,-0.9959999918937683,2.1740000247955322
1761389295189396500,4.943396484375,3.6459999084472656,-1.7929999828338623,1.5269999504089355
1761389295199376000,4.9533759765625,4.077000141143799,-2.5329999923706055,1.218000054359436
1761389295209416200,4.963416259765625,4.156000137329102,-3.0350000858306885,1.1390000581741333
1761389295219364900,4.97336474609375,4.2210001945495605,-3.5309998989105225,0.7940000295639038
1761389295229405200,4.9834052734375,4.063000202178955,-4.2779998779296875,0.16899999976158142
1761389295239384300,4.99338427734375,3.5239999294281006,-4.9679999351501465,-0.25999999046325684
1761389295249394200,5.003394287109375,2.9560000896453857,-5.176000118255615,-0.5189999938011169
1761389295259373300,5.013373291015625,2.367000102996826,-5.290999889373779,-0.30399999022483826
1761389295269383200,5.023383056640625,1.6990000009536743,-5.241000175476074,-0.20999999344348907
1761389295279362300,5.0333623046875,1.1890000104904175,-4.658999919891357,-0.289000004529953
1761389295289402600,5.043402587890625,0.7229999899864197,-3.609999895095825,-0.3179999887943268
1761389295299382000,5.053382080078125,0.1979999989271164,-2.3389999866485596,-0.8489999771118164
1761389295309422300,5.06342236328125,-0.19599999487400055,-0.5789999961853027,-0.9139999747276306
1761389295319371000,5.07337109375,-0.7269999980926514,1.0870000123977661,-0.972000002861023
1761389295329380600,5.083380615234375,-1.0069999694824219,1.5460000038146973,-0.972000002861023
1761389295339360000,5.093360107421875,-1.2300000190734863,2.1419999599456787,-0.7350000143051147
1761389295349400300,5.103400390625,-1.402999997138977,2.7669999599456787,-0.7269999980926514
1761389295359379500,5.11337939453125,-1.3380000591278076,3.0260000228881836,-0.8569999933242798
1761389295369389300,5.123389404296875,-1.2300000190734863,3.2769999504089355,-1.0789999961853027
1761389295379368400,5.133368408203125,-1.187000036239624,3.4140000343322754,-1.1150000095367432
1761389295389378300,5.14337841796875,-1.0720000267028809,3.3420000076293945,-0.640999972820282
1761389295399388000,5.153387939453125,-0.7269999980926514,3.312999963760376,-0.23199999332427979
1761389295409397800,5.163397705078125,-0.382999986410141,3.4140000343322754,-0.19599999487400055
1761389295419377200,5.173377197265625,-0.07400000095367432,3.872999906539917,-0.23899999260902405
1761389295429386800,5.18338671875,0.2840000092983246,4.447999954223633,-0.05900000035762787
1761389295439366100,5.1933662109375,0.44999998807907104,5.489999771118164,-0.1809999942779541
1761389295449406500,5.203406494140625,0.49300000071525574,7.39300012588501,-0.5619999766349792
1761389295459385600,5.213385498046875,0.3630000054836273,10.467000007629395,-1
1761389295469395500,5.2233955078125,0.328000009059906,12.420999526977539,-1.0360000133514404
1761389295479374600,5.23337451171875,0.8809999823570251,13.635000228881836,-1.0069999694824219
1761389295489384400,5.243384521484375,1.684999942779541,14.418000221252441,-0.7850000262260437
1761389295499363600,5.253363525390625,2.9639999866485596,15.27299976348877,-0.5120000243186951
1761389295509434400,5.263434326171875,4.995999813079834,16.0049991607666,-0.30399999022483826
1761389295519383000,5.273383056640625,7.710999965667725,16.320999145507812,-0.15299999713897705
1761389295529393000,5.283392822265625,11.173999786376953,16.378999710083008,-0.34700000286102295
1761389295539372000,5.2933720703125,12.409000396728516,17.513999938964844,-1.6319999694824219
1761389295549473500,5.3034736328125,10.635000228881836,20.97599983215332,-2.5810000896453857
1761389295559361000,5.313361083984375,6.742000102996826,25.881999969482422,-2.4079999923706055
1761389295569401300,5.3234013671875,3.674999952316284,30.327999114990234,-2.7669999599456787
1761389295579380700,5.333380615234375,1.7280000448226929,32.46099853515625,-2.825000047683716
1761389295589390300,5.343390380859375,0.550000011920929,33.86899948120117,-1.6679999828338623
1761389295599369700,5.35336962890625,0.2770000100135803,35.83700180053711,-0.1809999942779541
1761389295609379600,5.363379638671875,0.24899999797344208,36.763999938964844,0.5289999842643738
1761389295619358700,5.373358642578125,0.8090000152587891,34.40800094604492,0.8019999861717224
1761389295629399000,5.38339892578125,1.7999999523162842,29.3799991607666,1.3910000324249268
1761389295639378200,5.393378173828125,2.5969998836517334,23.173999786376953,1.8220000267028809
1761389295649388000,5.403387939453125,3.056999921798706,16.22100067138672,2.0439999103546143
1761389295659367200,5.4133671875,3.193000078201294,10.611000061035156,1.6640000343322754
1761389295669407500,5.423407470703125,2.611999988555908,5.388999938964844,1.534000039100647
1761389295679387000,5.433386962890625,2.0510001182556152,2.1710000038146973,1.6779999732971191
1761389295689396700,5.443396728515625,1.777999997138977,0.15299999713897705,1.8070000410079956
1761389295699375900,5.4533759765625,1.628000020980835,-1.440999984741211,1.7209999561309814
1761389295709385700,5.4633857421875,1.7280000448226929,-2.1449999809265137,1.5989999771118164
1761389295719364900,5.47336474609375,1.9010000228881836,-2.381999969482422,1.6490000486373901
1761389295729405200,5.4834052734375,2.115999937057495,-2.6760001182556152,1.8070000410079956
1761389295739384300,5.49338427734375,2.5179998874664307,-2.9560000896453857,1.8070000410079956
1761389295749394200,5.503394287109375,2.805999994277954,-3.186000108718872,1.5199999809265137
1761389295759373300,5.513373291015625,2.9709999561309814,-3.2009999752044678,1.059999942779541
1761389295769383200,5.523383056640625,2.934999942779541,-3.1070001125335693,0.8880000114440918
1761389295779362300,5.5333623046875,2.546999931335449,-2.7699999809265137,0.9520000219345093
1761389295789402600,5.543402587890625,2.007999897003174,-2.2239999771118164,0.5139999985694885
1761389295799382000,5.553382080078125,1.1970000267028809,-1.50600004196167,-0.20999999344348907
1761389295809391600,5.5633916015625,0.550000011920929,-0.9020000100135803,-0.7699999809265137
1761389295819371000,5.57337109375,0.1550000011920929,-0.4350000023841858,-1.0149999856948853
1761389295829380900,5.583380859375,-0.06700000166893005,0.008999999612569809,-1.2879999876022339
1761389295839360000,5.593360107421875,-0.17399999499320984,0.23899999260902405,-1.2089999914169312
1761389295849400300,5.603400390625,-0.23899999260902405,0.8489999771118164,-0.9789999723434448
1761389295859379500,5.61337939453125,-0.4189999997615814,2.062999963760376,-1
1761389295869389300,5.623389404296875,-0.6480000019073486,3.2920000553131104,-1.2879999876022339
1761389295879368700,5.63336865234375,-0.6700000166893005,4.118000030517578,-1.1510000228881836
1761389295889378300,5.64337841796875,-0.5329999923706055,4.447999954223633,-0.8140000104904175
1761389295899388000,5.653387939453125,-0.3179999887943268,4.627999782562256,-0.7200000286102295
1761389295909397800,5.663397705078125,-0.1809999942779541,4.691999912261963,-0.7919999957084656
1761389295919377200,5.673377197265625,-0.052000001072883606,4.419000148773193,-0.6629999876022339
1761389295929386800,5.68338671875,0.16899999976158142,3.687000036239624,-0.44699999690055847
1761389295939366100,5.6933662109375,0.39899998903274536,2.825000047683716,-0.375
1761389295949406500,5.703406494140625,0.7440000176429749,2.315000057220459,-0.34700000286102295
1761389295959385600,5.713385498046875,1.0529999732971191,2.638000011444092,-0.23199999332427979
1761389295969395500,5.7233955078125,1.2400000095367432,3.3919999599456787,-0.08799999952316284
1761389295979374600,5.73337451171875,1.6490000486373901,4.447999954223633,-0.04500000178813934
1761389295989384400,5.743384521484375,2.187999963760376,6.14300012588501,-0.17399999499320984
1761389295999363600,5.753363525390625,2.805999994277954,7.730999946594238,-0.29600000381469727
1761389296009404000,5.76340380859375,3.688999891281128,9.770999908447266,-0.47600001096725464
1761389296019383000,5.773383056640625,4.521999835968018,12.291999816894531,-1.2089999914169312
1761389296029393000,5.783392822265625,5.599999904632568,13.779000282287598,-2.7820000648498535
1761389296039372300,5.793372314453125,7.423999786376953,14.008000373840332,-3.197999954223633
1761389296049382000,5.8033818359375,9.87399959564209,12.87399959564209,-1.2879999876022339
1761389296059361300,5.813361328125,12.819000244140625,11.501999855041504,0.44999998807907104
1761389296069401600,5.823401611328125,13.996999740600586,11.70300006866455,0.8519999980926514
1761389296079380700,5.833380615234375,13.04800033569336,14.345999717712402,0.9959999918937683
1761389296089390600,5.843390625,9.348999977111816,22.67099952697754,-2.6019999980926514
1761389296099369700,5.85336962890625,3.739000082015991,36.17499923706055,-7.2129998207092285
1761389296109410000,5.86341015625,-1.718999981880188,46.3390007019043,-7.644000053405762
1761389296119358700,5.873358642578125,-3.7230000495910645,51.53200149536133,-5.051000118255615
1761389296129399000,5.88339892578125,-3.0910000801086426,48.51499938964844,-2.6089999675750732
1761389296139378400,5.89337841796875,-0.8059999942779541,41.79199981689453,-2.8970000743865967
1761389296149388000,5.903387939453125,1.4550000429153442,33.10100173950195,-4.958000183105469
1761389296159367400,5.913367431640625,3.3949999809265137,24.898000717163086,-5.834000110626221
1761389296169407500,5.923407470703125,3.990999937057495,18.843000411987305,-4.743000030517578
1761389296179387000,5.933386962890625,3.9189999103546143,15.208000183105469,-4.210999965667725
1761389296189396700,5.943396728515625,4.005000114440918,13.362000465393066,-4.540999889373779
1761389296199376000,5.9533759765625,4.01200008392334,11.163999557495117,-3.4639999866485596
1761389296209385700,5.9633857421875,3.940000057220459,8.807999610900879,-1.3739999532699585
1761389296219364900,5.97336474609375,3.4739999771118164,6.775000095367432,0.16200000047683716
1761389296229405200,5.9834052734375,2.7980000972747803,4.714000225067139,1.0099999904632568
1761389296239384300,5.99338427734375,2.6760001182556152,3.046999931335449,2.072999954223633
1761389296249394200,6.003394287109375,2.367000102996826,2.071000099182129,2.5759999752044678
1761389296259373300,6.013373291015625,2.375,-0.21299999952316284,3.006999969482422
1761389296269383200,6.023383056640625,2.8919999599456787,-1.9579999446868896,2.683000087738037
1761389296279362300,6.0333623046875,3.322999954223633,-3.4089999198913574,1.555999994277954
1761389296289402600,6.043402587890625,3.5810000896453857,-4.500999927520752,0.8299999833106995
1761389296299382000,6.053382080078125,3.178999900817871,-5.146999835968018,0.7730000019073486
1761389296309391600,6.0633916015625,3,-5.599999904632568,1.0820000171661377
1761389296319371000,6.07337109375,2.3959999084472656,-5.297999858856201,0.6650000214576721
1761389296329380600,6.083380615234375,1.6130000352859497,-4.688000202178955,0.19099999964237213
1761389296339360000,6.093360107421875,1.2039999961853027,-3.940000057220459,-0.023000000044703484
1761389296349400300,6.103400390625,0.6940000057220459,-2.7909998893737793,-0.34700000286102295
1761389296359379500,6.11337939453125,0.09799999743700027,-1.1100000143051147,-0.6769999861717224
1761389296369389300,6.123389404296875,-0.29600000381469727,0.15299999713897705,-0.8930000066757202
1761389296379368700,6.13336865234375,-0.5910000205039978,0.878000020980835,-0.9139999747276306
1761389296389408800,6.14340869140625,-0.7200000286102295,1.3240000009536743,-0.49000000953674316
1761389296399388000,6.153387939453125,-0.6480000019073486,1.5679999589920044,-0.052000001072883606
1761389296409397800,6.163397705078125,-0.6269999742507935,2.0989999771118164,-0.0949999988079071
1761389296419377200,6.173377197265625,-0.6119999885559082,2.3359999656677246,-0.23199999332427979
1761389296429386800,6.18338671875,-0.382999986410141,2.25,-0.1809999942779541
1761389296439366100,6.1933662109375,-0.19599999487400055,2.2070000171661377,-0.3970000147819519
1761389296449406500,6.203406494140625,0.004000000189989805,2.128000020980835,-0.49000000953674316
1761389296459385600,6.213385498046875,0.16200000047683716,1.8980000019073486,-0.3540000021457672
1761389296469395500,6.2233955078125,0.31299999356269836,1.8550000190734863,-0.1809999942779541
1761389296479374600,6.23337451171875,0.5289999842643738,2.1059999465942383,-0.10199999809265137
1761389296489384400,6.243384521484375,0.765999972820282,2.7170000076293945,-0.13099999725818634
1761389296499363600,6.253363525390625,1.0169999599456787,3.3919999599456787,0.026000000536441803
1761389296509404000,6.26340380859375,1.7569999694824219,4.210999965667725,0.1340000033378601
1761389296519383000,6.273383056640625,2.4679999351501465,5.913000106811523,-0.1459999978542328
1761389296529393000,6.283392822265625,2.8559999465942383,8.916000366210938,-1.2450000047683716
1761389296539372000,6.2933720703125,2.812999963760376,13.793000221252441,-2.308000087738037
1761389296549382000,6.3033818359375,2.510999917984009,20.68899917602539,-3.4860000610351562
1761389296559361000,6.313361083984375,2.359999895095825,26.097000122070312,-4.197000026702881
1761389296569401300,6.3234013671875,3.0429999828338623,26.965999603271484,-2.940000057220459
1761389296579380700,6.333380615234375,5.564000129699707,21.858999252319336,-0.25999999046325684
1761389296589390300,6.343390380859375,10.067000389099121,15.517000198364258,-0.15299999713897705
1761389296599369700,6.35336962890625,14.12600040435791,11.845999717712402,-2.739000082015991
1761389296609379300,6.36337939453125,15.871000289916992,13.527000427246094,-6.136000156402588
1761389296619358700,6.373358642578125,11.711999893188477,19.69700050354004,-7.3429999351501465
1761389296629399000,6.38339892578125,5.671999931335449,28.791000366210938,-5.978000164031982
1761389296639378200,6.393378173828125,1.8569999933242798,36.64899826049805,-4.763999938964844
1761389296649388000,6.403387939453125,0.1120000034570694,41.58300018310547,-3.36299991607666
1761389296659367400,6.413367431640625,0.10499999672174454,41.446998596191406,-1.0069999694824219
1761389296669407500,6.423407470703125,0.9599999785423279,37.91999816894531,0.19099999964237213
1761389296679387000,6.433386962890625,2.2170000076293945,32.2599983215332,0.12600000202655792
1761389296689396500,6.443396484375,3.128999948501587,26.434999465942383,-0.08799999952316284
1761389296699375900,6.4533759765625,3.3299999237060547,20.006000518798828,0.6079999804496765
1761389296709385500,6.463385498046875,3.1649999618530273,13.555999755859375,1.5130000114440918
1761389296719364900,6.47336474609375,2.7339999675750732,8.708000183105469,2.072999954223633
1761389296729405200,6.4834052734375,2.2669999599456787,4.2829999923706055,2.1589999198913574
1761389296739384300,6.49338427734375,1.965000033378601,1.0219999551773071,2.1089999675750732
1761389296749394200,6.503394287109375,1.434000015258789,-1.2400000095367432,1.6059999465942383
1761389296759373300,6.513373291015625,1.3040000200271606,-2.7699999809265137,1.1540000438690186
1761389296769383200,6.523383056640625,1.4910000562667847,-3.509999990463257,0.8090000152587891
1761389296779362300,6.5333623046875,1.5989999771118164,-4.070000171661377,0.6290000081062317
1761389296789433300,6.543433349609375,1.8140000104904175,-4.435999870300293,0.6359999775886536
1761389296799382000,6.553382080078125,2.130000114440918,-4.544000148773193,0.5289999842643738
1761389296809391600,6.5633916015625,2.2960000038146973,-4.665999889373779,0.21299999952316284
1761389296819371000,6.57337109375,2.2739999294281006,-4.946000099182129,0.16200000047683716
1761389296829380600,6.583380615234375,2.065999984741211,-5.111000061035156,0.3630000054836273
1761389296839360000,6.593360107421875,1.9220000505447388,-5.241000175476074,0.6790000200271606
1761389296849400300,6.603400390625,1.7640000581741333,-5.0970001220703125,0.9309999942779541
1761389296859379500,6.61337939453125,1.4259999990463257,-4.435999870300293,0.7300000190734863
1761389296869389300,6.623389404296875,1.0099999904632568,-3.2290000915527344,0.19099999964237213
1761389296879368400,6.633368408203125,0.5210000276565552,-1.7929999828338623,-0.5550000071525574
1761389296889378300,6.64337841796875,-0.1809999942779541,-0.25600001215934753,-0.9070000052452087
1761389296899357400,6.653357421875,-0.7850000262260437,0.9359999895095825,-1.0579999685287476
1761389296909397800,6.663397705078125,-1.0870000123977661,2.1419999599456787,-1.0149999856948853
1761389296919377200,6.673377197265625,-1.1009999513626099,3.0260000228881836,-0.8059999942779541
1761389296929386800,6.68338671875,-1.0149999856948853,3.0910000801086426,-0.4690000116825104
1761389296939366100,6.6933662109375,-0.9789999723434448,3.046999931335449,-0.3540000021457672
1761389296949406500,6.703406494140625,-0.9570000171661377,3.378000020980835,-0.4259999990463257
1761389296959385600,6.713385498046875,-0.9139999747276306,3.7869999408721924,-0.5329999923706055
1761389296969395200,6.723395263671875,-0.7630000114440918,3.872999906539917,-0.5910000205039978
1761389296979374600,6.73337451171875,-0.656000018119812,3.5859999656677246,-0.7059999704360962
1761389296989384400,6.743384521484375,-0.5410000085830688,3.312999963760376,-0.6909999847412109
1761389296999363600,6.753363525390625,-0.3970000147819519,3.1480000019073486,-0.6119999885559082
1761389297009404000,6.76340380859375,-0.32499998807907104,2.9679999351501465,-0.656000018119812
1761389297019383000,6.773383056640625,-0.16699999570846558,2.8889999389648438,-0.656000018119812
1761389297029393000,6.783392822265625,0.11900000274181366,3.802000045776367,-0.7200000286102295
1761389297039372300,6.793372314453125,0.33500000834465027,5.625999927520752,-0.9430000185966492
1761389297049382000,6.8033818359375,0.6000000238418579,8.88700008392334,-1.0429999828338623
1761389297059361300,6.813361328125,1.1749999523162842,12.651000022888184,-1.3589999675750732
1761389297069401600,6.823401611328125,2.431999921798706,15.833000183105469,-0.9139999747276306
1761389297079380700,6.833380615234375,3.703000068664551,17.384000778198242,0.20499999821186066
1761389297089421000,6.843421142578125,5.169000148773193,16.77400016784668,2.367000102996826
1761389297099369700,6.85336962890625,7.883999824523926,14.878000259399414,4.616000175476074
1761389297109379600,6.863379638671875,11.015999794006348,13.628000259399414,4.830999851226807
1761389297119358700,6.873358642578125,13.192000389099121,14.562000274658203,2.1589999198913574
1761389297129399000,6.88339892578125,12.782999992370605,19.007999420166016,0.21299999952316284
1761389297139378200,6.893378173828125,8.91100025177002,26.757999420166016,-2.4730000495910645
1761389297149388000,6.903387939453125,2.244999885559082,36.827999114990234,-4.75
1761389297159367200,6.9133671875,-1.8769999742507935,46.58300018310547,-2.9040000438690186
1761389297169407500,6.923407470703125,-3.0260000228881836,49.14699935913086,0.4569999873638153
1761389297179387000,6.933386962890625,-2.703000068664551,45.69200134277344,1.8070000410079956
1761389297189427000,6.943427001953125,-1.7899999618530273,38.54499816894531,2.4820001125335693
1761389297199376000,6.9533759765625,-0.375,31.736000061035156,2.7980000972747803
1761389297209385500,6.963385498046875,1.0670000314712524,25.738000869750977,2.1589999198913574
1761389297219364900,6.97336474609375,1.7350000143051147,21.320999145507812,0.8019999861717224
1761389297229405200,6.9834052734375,2.359999895095825,16.917999267578125,0.054999999701976776
1761389297239384300,6.99338427734375,2.690999984741211,11.746000289916992,-0.43299999833106995
1761389297249394200,7.003394287109375,2.5179998874664307,7.191999912261963,-0.3109999895095825
1761389297259373300,7.013373291015625,2.0510001182556152,3.4140000343322754,0.5
1761389297269383200,7.023383056640625,1.684999942779541,0.36800000071525574,0.8880000114440918
1761389297279362300,7.0333623046875,1.5700000524520874,-1.5490000247955322,0.9169999957084656
1761389297289402600,7.043402587890625,1.7139999866485596,-3.308000087738037,0.6150000095367432
1761389297299382000,7.053382080078125,2.0439999103546143,-4.802000045776367,0.16899999976158142
1761389297309391600,7.0633916015625,2.5759999752044678,-5.85099983215332,0.032999999821186066
1761389297319371000,7.07337109375,2.747999906539917,-6.09499979019165,-0.023000000044703484
1761389297329380600,7.083380615234375,2.5250000953674316,-5.866000175476074,0.21299999952316284
1761389297339360000,7.093360107421875,2.2669999599456787,-5.334000110626221,0.5
1761389297349400300,7.103400390625,1.972000002861023,-4.665999889373779,0.7149999737739563
1761389297359379500,7.11337939453125,1.684999942779541,-3.9260001182556152,0.765999972820282
1761389297369389300,7.123389404296875,1.3910000324249268,-3.2290000915527344,0.5429999828338623
1761389297379368400,7.133368408203125,1.1180000305175781,-2.3239998817443848,0.004000000189989805
1761389297389378300,7.14337841796875,0.9169999957084656,-1.4839999675750732,-0.5979999899864197
1761389297399388200,7.15338818359375,0.859000027179718,-0.8090000152587891,-0.7269999980926514
1761389297409397800,7.163397705078125,0.550000011920929,-0.49300000071525574,-0.6340000033378601
1761389297419377200,7.173377197265625,0.20499999821186066,-0.29899999499320984,-0.5120000243186951
1761389297429387000,7.183386962890625,0.2840000092983246,-0.12600000202655792,-0.5910000205039978
1761389297439366100,7.1933662109375,0.1979999989271164,-0.004000000189989805,-0.9139999747276306
1761389297449406500,7.203406494140625,0.010999999940395355,0.1599999964237213,-0.9860000014305115
1761389297459385600,7.213385498046875,-0.19599999487400055,0.4620000123977661,-1.0360000133514404
1761389297469395500,7.2233955078125,-0.29600000381469727,0.8930000066757202,-1.3589999675750732
1761389297479374600,7.23337451171875,-0.2029999941587448,1.2089999914169312,-1.4529999494552612
1761389297489384400,7.243384521484375,-0.17399999499320984,1.3519999980926514,-1.2730000019073486
1761389297499363800,7.25336376953125,-0.25999999046325684,1.3240000009536743,-1.1729999780654907
1761389297509404000,7.26340380859375,-0.23199999332427979,1.3450000286102295,-1.065000057220459
1761389297519383300,7.27338330078125,-0.07400000095367432,1.6759999990463257,-0.9359999895095825
1761389297529393000,7.283392822265625,0.19099999964237213,1.9270000457763672,-0.6480000019073486
1761389297539372300,7.293372314453125,0.27000001072883606,2.4579999446868896,-0.7350000143051147
1761389297549382000,7.3033818359375,0.2919999957084656,4.563000202178955,-1.2089999914169312
1761389297559361000,7.313361083984375,0.5,8.994999885559082,-1.5820000171661377
1761389297569401600,7.323401611328125,0.6940000057220459,14.130999565124512,-1.8339999914169312
1761389297579380700,7.333380615234375,1.1100000143051147,19.051000595092773,-2.565999984741211
1761389297589390600,7.343390625,2.359999895095825,22.548999786376953,-3.1050000190734863
1761389297599369700,7.35336962890625,4.616000175476074,21.708999633789062,-2.8610000610351562
1761389297609379600,7.363379638671875,7.5970001220703125,18.110000610351562,-2.193000078201294
1761389297619358700,7.373358642578125,10.102999687194824,15.826000213623047,-1.6469999551773071
1761389297629368600,7.38336865234375,11.072999954223633,17.3700008392334,-1.1369999647140503
1761389297639378400,7.39337841796875,9.319999694824219,22.548999786376953,-0.1889999955892563
1761389297649388000,7.403387939453125,5.929999828338623,28.316999435424805,0.6650000214576721
1761389297659367400,7.413367431640625,2.130000114440918,33.65399932861328,1.3040000200271606
1761389297669407500,7.423407470703125,0.44200000166893005,37.44599914550781,2.6480000019073486
1761389297679387000,7.433386962890625,-0.15299999713897705,39.20600128173828,3.8610000610351562
1761389297689427000,7.443427001953125,-0.5049999952316284,39.43600082397461,4.500999927520752
1761389297699375900,7.4533759765625,-0.7919999957084656,39.12699890136719,4.335999965667725
1761389297709385500,7.463385498046875,-0.8569999933242798,36.43299865722656,2.8489999771118164
1761389297719364900,7.47336474609375,-0.4620000123977661,31.017000198364258,1.3910000324249268
1761389297729405200,7.4834052734375,0.2840000092983246,23.66200065612793,0.7870000004768372
1761389297739384300,7.49338427734375,1.0670000314712524,17.104000091552734,0.9380000233650208
1761389297749394200,7.503394287109375,1.555999994277954,10.755000114440918,1.8650000095367432
1761389297759373300,7.513373291015625,1.4910000562667847,7.070000171661377,2.6760001182556152
1761389297769383200,7.523383056640625,1.1820000410079956,5.23799991607666,1.8569999933242798
1761389297779362300,7.5333623046875,1.031000018119812,4.728000164031982,0.7080000042915344
1761389297789402600,7.543402587890625,0.8659999966621399,4.785999774932861,0.6359999775886536
1761389297799382000,7.553382080078125,0.7799999713897705,4.131999969482422,1.1749999523162842
1761389297809391600,7.5633916015625,1.0169999599456787,2.746000051498413,1.9220000505447388
1761389297819371000,7.57337109375,1.534000039100647,0.7490000128746033,2.122999906539917
1761389297829380600,7.583380615234375,1.9800000190734863,-1.1180000305175781,1.684999942779541
1761389297839360000,7.593360107421875,2.309999942779541,-2.755000114440918,1.2970000505447388
1761389297849400300,7.603400390625,2.424999952316284,-4.14900016784668,1.1460000276565552
1761389297859379500,7.61337939453125,2.2669999599456787,-5.255000114440918,1.0959999561309814
1761389297869389300,7.623389404296875,2.065999984741211,-5.952000141143799,0.8730000257492065
1761389297879368400,7.633368408203125,1.656000018119812,-6.015999794006348,0.38499999046325684
1761389297889378300,7.64337841796875,1.0169999599456787,-5.197000026702881,-0.2750000059604645
1761389297899357400,7.653357421875,0.1550000011920929,-3.8259999752044678,-0.7630000114440918
1761389297909397800,7.663397705078125,-0.2460000067949295,-2.0369999408721924,-1
1761389297919377200,7.673377197265625,-0.6769999861717224,-0.5860000252723694,-1.0429999828338623
1761389297929386800,7.68338671875,-1.0720000267028809,0.0949999988079071,-0.9929999709129333
1761389297939366100,7.6933662109375,-0.9359999895095825,0.7990000247955322,-0.8569999933242798
1761389297949406500,7.703406494140625,-0.7919999957084656,1.2660000324249268,-0.8209999799728394
1761389297959385600,7.713385498046875,-0.7630000114440918,2.0420000553131104,-0.777999997138977
1761389297969395500,7.7233955078125,-0.7699999809265137,2.8389999866485596,-0.7699999809265137
1761389297979374600,7.73337451171875,-0.7419999837875366,3.4140000343322754,-0.5120000243186951
1761389297989384400,7.743384521484375,-0.6700000166893005,3.5859999656677246,-0.2529999911785126
1761389297999363600,7.753363525390625,-0.49000000953674316,3.25600004196167,-0.1379999965429306
1761389298009404000,7.76340380859375,-0.23199999332427979,2.825000047683716,0.01899999938905239
1761389298019383000,7.773383056640625,-0.052000001072883606,2.5160000324249268,0.09000000357627869
1761389298029393000,7.783392822265625,0.1120000034570694,2.1059999465942383,-0.10199999809265137
1761389298039372300,7.793372314453125,0.3709999918937683,1.5750000476837158,-0.1809999942779541
1761389298049382000,7.8033818359375,0.5789999961853027,1.2879999876022339,-0.16699999570846558
1761389298059361300,7.813361328125,0.5210000276565552,1.4670000076293945,-0.16699999570846558
1761389298069401600,7.823401611328125,0.4860000014305115,2.1640000343322754,-0.1889999955892563
1761389298079380700,7.833380615234375,0.3059999942779541,3.4639999866485596,-0.49000000953674316
1761389298089390600,7.843390625,-0.12399999797344208,5.526000022888184,-0.9929999709129333
1761389298099369700,7.85336962890625,-0.7559999823570251,8.520999908447266,-1.315999984741211
1761389298109379600,7.863379638671875,-1.5529999732971191,11.329000473022461,-1.625
1761389298119358700,7.873358642578125,-1.2369999885559082,13.427000045776367,-1.7619999647140503
1761389298129399000,7.88339892578125,0.1120000034570694,14.418000221252441,-1.746999979019165
1761389298139378200,7.893378173828125,2.569000005722046,14.086999893188477,-0.5979999899864197
1761389298149388000,7.903387939453125,5.966000080108643,12.75100040435791,1.0889999866485596
1761389298159367200,7.9133671875,9.75100040435791,14.123000144958496,1.4479999542236328
1761389298169438200,7.923438232421875,12.21500015258789,19.35300064086914,-2.2639999389648438
1761389298179387000,7.933386962890625,10.972999572753906,27.799999237060547,-6.6529998779296875
1761389298189396700,7.943396728515625,6.26800012588501,36.441001892089844,-6.2220001220703125
1761389298199376000,7.9533759765625,3.2009999752044678,43.04199981689453,-2.687999963760376
1761389298209385700,7.9633857421875,2.7190001010894775,44.59299850463867,-0.49799999594688416
1761389298219364900,7.97336474609375,3.7899999618530273,42.165000915527344,0.25600001215934753
1761389298229405200,7.9834052734375,5.750999927520752,36.48400115966797,1.3329999446868896
1761389298239384300,7.99338427734375,7.676000118255615,30.097999572753906,2.015000104904175
1761389298249394200,8.003394287109375,8.430000305175781,24.44499969482422,1.6490000486373901
1761389298259373300,8.013373291015625,8.336000442504883,20.091999053955078,1.0390000343322754
1761389298269383200,8.023383056640625,7.618000030517578,16.7450008392334,1.218000054359436
1761389298279362300,8.0333623046875,6.698999881744385,13.22599983215332,1.6059999465942383
1761389298289402600,8.043402587890625,5.757999897003174,10.840999603271484,1.5490000247955322
1761389298299382000,8.053382080078125,4.63700008392334,9.116999626159668,1.0240000486373901
1761389298309391600,8.0633916015625,3.5810000896453857,7.702000141143799,1.003000020980835
1761389298319371000,8.07337109375,2.7769999504089355,6.14300012588501,1.1890000104904175
1761389298329380600,8.083380615234375,2.490000009536743,3.74399995803833,1.1460000276565552
1761389298339360000,8.093360107421875,2.805999994277954,0.40400001406669617,1.059999942779541
1761389298349400300,8.103400390625,3.2799999713897705,-2.2239999771118164,0.6150000095367432
1761389298359379500,8.11337939453125,3.4590001106262207,-4.314000129699707,0.550000011920929
1761389298369389300,8.123389404296875,3.4019999504089355,-5.290999889373779,0.5429999828338623
1761389298379368400,8.133368408203125,3.3440001010894775,-5.706999778747559,0.49300000071525574
1761389298389378300,8.14337841796875,3.056999921798706,-5.785999774932861,0.23399999737739563
1761389298399388000,8.153387939453125,2.431999921798706,-5.355999946594238,-0.06700000166893005
1761389298409397800,8.163397705078125,1.5130000114440918,-4.400000095367432,-0.0949999988079071
1761389298419377200,8.173377197265625,0.8730000257492065,-2.9130001068115234,0.0689999982714653
1761389298429386800,8.18338671875,0.3630000054836273,-1.50600004196167,0.14800000190734863
1761389298439366100,8.1933662109375,-0.1889999955892563,-0.328000009059906,-0.04500000178813934
1761389298449406500,8.203406494140625,-0.44699999690055847,0.7490000128746033,-0.5690000057220459
1761389298459385600,8.213385498046875,-0.8140000104904175,1.6399999856948853,-0.8849999904632568
1761389298469426000,8.223426025390625,-1.1799999475479126,2.4149999618530273,-0.8140000104904175
1761389298479374600,8.23337451171875,-1.3519999980926514,2.694999933242798,-0.7269999980926514
1761389298489384400,8.243384521484375,-1.3020000457763672,2.5810000896453857,-0.8140000104904175
1761389298499363600,8.253363525390625,-1.065000057220459,2.3940000534057617,-0.8849999904632568
1761389298509404000,8.26340380859375,-0.8059999942779541,2.1419999599456787,-0.7269999980926514
1761389298519383000,8.273383056640625,-0.5619999766349792,1.8980000019073486,-0.4690000116825104
1761389298529393000,8.283392822265625,-0.36800000071525574,1.7549999952316284,-0.289000004529953
1761389298539372300,8.293372314453125,-0.08100000023841858,1.5679999589920044,-0.10199999809265137
1761389298549382000,8.3033818359375,0.16899999976158142,1.309000015258789,0.0689999982714653
1761389298559361300,8.313361328125,0.34200000762939453,1.2799999713897705,0.01899999938905239
1761389298569401600,8.323401611328125,0.5929999947547913,1.402999997138977,-0.008999999612569809
1761389298579380700,8.333380615234375,0.9169999957084656,1.2660000324249268,-0.05900000035762787
1761389298589390600,8.343390625,1.1820000410079956,1.1440000534057617,-0.008999999612569809
1761389298599369700,8.35336962890625,1.4049999713897705,1.5679999589920044,0.2199999988079071
1761389298609379600,8.363379638671875,1.562999963760376,3.046999931335449,0.16200000047683716
1761389298619358700,8.373358642578125,1.99399995803833,4.872000217437744,-0.1889999955892563
1761389298629399000,8.38339892578125,2.611999988555908,8.1899995803833,-1.0429999828338623
1761389298639378400,8.39337841796875,2.7769999504089355,13.383999824523926,-1.8980000019073486
1761389298649388000,8.403387939453125,2.934999942779541,19.360000610351562,-1.6610000133514404
1761389298659367400,8.413367431640625,3.4660000801086426,24.13599967956543,-0.7630000114440918
1761389298669438200,8.423438232421875,4.672999858856201,25.98200035095215,0.6290000081062317
1761389298679387000,8.433386962890625,7.4029998779296875,25.738000869750977,1.1820000410079956
1761389298689396500,8.443396484375,10.081999778747559,24.035999298095703,-0.3540000021457672
1761389298699375900,8.4533759765625,11.684000015258789,23.798999786376953,-2.825000047683716
1761389298709385500,8.463385498046875,10.131999969482422,27.677000045776367,-3.4709999561309814
1761389298719364900,8.47336474609375,5.88700008392334,33.560001373291016,-3.1619999408721924
1761389298729405200,8.4834052734375,2.553999900817871,36.96500015258789,-3.5360000133514404
1761389298739384300,8.49338427734375,1.1890000104904175,37.56100082397461,-5.2170000076293945
1761389298749394200,8.503394287109375,0.8379999995231628,37.31700134277344,-5.755000114440918
1761389298759373300,8.513373291015625,1.225000023841858,36.0099983215332,-4.4770002365112305
1761389298769383200,8.523383056640625,1.5989999771118164,31.347999572753906,-2.680999994277954
1761389298779362300,8.5333623046875,2.3320000171661377,25.343000411987305,-0.10199999809265137
1761389298789402600,8.543402587890625,3.3299999237060547,18.88599967956543,1.5989999771118164
1761389298799382000,8.553382080078125,4.205999851226807,13.937000274658203,1.9079999923706055
1761389298809391600,8.5633916015625,4.730999946594238,9.979000091552734,1.3259999752044678
1761389298819371000,8.57337109375,4.349999904632568,6.24399995803833,0.9520000219345093
1761389298829380600,8.583380615234375,3.890000104904175,3.7009999752044678,1.4479999542236328
1761389298839360000,8.593360107421875,3.3519999980926514,1.9199999570846558,1.5770000219345093
1761389298849400300,8.603400390625,3.2009999752044678,0.29600000381469727,1.534000039100647
1761389298859379500,8.61337939453125,3.48799991607666,-1.5269999504089355,1.5269999504089355
1761389298869389300,8.623389404296875,4.077000141143799,-3.494999885559082,1.50600004196167
1761389298879368400,8.633368408203125,4.702000141143799,-4.521999835968018,1.3259999752044678
1761389298889378300,8.64337841796875,4.98199987411499,-5.004000186920166,0.8090000152587891
1761389298899357400,8.653357421875,4.616000175476074,-5.341000080108643,0.5070000290870667
1761389298909397800,8.663397705078125,4.0269999504089355,-5.499000072479248,0.31299999356269836
1761389298919377200,8.673377197265625,3.3949999809265137,-5.406000137329102,0.03999999910593033
1761389298929386800,8.68338671875,2.7699999809265137,-4.616000175476074,-0.38999998569488525
1761389298939366100,8.6933662109375,2.0230000019073486,-3.617000102996826,-0.972000002861023
1761389298949406500,8.703406494140625,1.1749999523162842,-2.490000009536743,-1.38100004196167
1761389298959385600,8.713385498046875,0.3779999911785126,-1.4259999990463257,-1.5959999561309814
1761389298969395500,8.7233955078125,-0.28200000524520874,-0.49300000071525574,-1.5750000476837158
1761389298979374600,8.73337451171875,-0.5910000205039978,0.32499998807907104,-1.3020000457763672
1761389298989384400,8.743384521484375,-0.7129999995231628,1.2879999876022339,-0.9860000014305115
1761389298999363600,8.753363525390625,-0.9359999895095825,2.2070000171661377,-0.6480000019073486
1761389299009404000,8.76340380859375,-1.0870000123977661,2.6449999809265137,-0.3540000021457672
1761389299019383000,8.773383056640625,-1.0509999990463257,2.8610000610351562,-0.23199999332427979
1761389299029393000,8.783392822265625,-0.972000002861023,2.8610000610351562,-0.08100000023841858
1761389299039372300,8.793372314453125,-0.8849999904632568,2.947000026702881,0.19099999964237213
1761389299049382000,8.8033818359375,-0.7059999704360962,2.5950000286102295,0.328000009059906
1761389299059361300,8.813361328125,-0.5690000057220459,2.2639999389648438,0.35600000619888306
1761389299069401600,8.823401611328125,-0.45399999618530273,2.2639999389648438,0.44999998807907104
1761389299079380700,8.833380615234375,-0.2750000059604645,1.9769999980926514,0.5720000267028809
1761389299089390600,8.843390625,-0.1599999964237213,1.3669999837875366,0.6790000200271606
1761389299099369700,8.85336962890625,-0.08100000023841858,0.7990000247955322,0.5070000290870667
1761389299109379600,8.863379638671875,-0.15299999713897705,0.5619999766349792,0.16899999976158142
1761389299119358700,8.873358642578125,-0.34700000286102295,0.6909999847412109,-0.49000000953674316
1761389299129399000,8.88339892578125,-0.5329999923706055,1.531999945640564,-1.0429999828338623
1761389299139378200,8.893378173828125,-0.6629999876022339,3.7300000190734863,-1.7259999513626099
1761389299149388000,8.903387939453125,-0.9639999866485596,7.300000190734863,-2.996999979019165
1761389299159367200,8.9133671875,-1.065000057220459,12.241000175476074,-4.7779998779296875
1761389299169407500,8.923407470703125,-0.8059999942779541,17.392000198364258,-5.755000114440918
1761389299179387000,8.933386962890625,0.09799999743700027,19.04400062561035,-4.454999923706055
1761389299189396700,8.943396728515625,1.3259999752044678,20.135000228881836,-2.638000011444092
1761389299199376000,8.9533759765625,3.7320001125335693,22.347999572753906,-0.33899998664855957
1761389299209385700,8.9633857421875,7.151000022888184,24.280000686645508,1.5410000085830688
1761389299219364900,8.97336474609375,10.175000190734863,25.034000396728516,2.8489999771118164
1761389299229405200,8.9834052734375,12.42300033569336,26.958999633789062,2.6760001182556152
1761389299239384300,8.99338427734375,12.237000465393066,30.249000549316406,0.9959999918937683
1761389299249424600,9.003424560546875,10.038999557495117,34.3650016784668,-1.5460000038146973
1761389299259373600,9.01337353515625,7.394999980926514,37.547000885009766,-3.5929999351501465
1761389299269413600,9.02341357421875,5.334000110626221,38.854000091552734,-6.696000099182129
1761389299279362300,9.0333623046875,3.7179999351501465,38.17900085449219,-9.762999534606934
1761389299289403000,9.04340283203125,2.23799991607666,35.57099914550781,-9.505000114440918
1761389299299382000,9.053382080078125,2.5329999923706055,30.371000289916992,-6.861999988555908
1761389299309391600,9.0633916015625,3.3949999809265137,24.02899932861328,-4.017000198364258
1761389299319371000,9.07337109375,4.314000129699707,16.895999908447266,-2.256999969482422
1761389299329380600,9.083380615234375,4.925000190734863,10.20199966430664,-1.3949999809265137
1761389299339360000,9.093360107421875,4.5370001792907715,5.855999946594238,-1.0789999961853027
1761389299349430800,9.1034306640625,3.308000087738037,3.1549999713897705,0.5289999842643738
1761389299359379500,9.11337939453125,1.8930000066757202,2.128000020980835,2.7190001010894775
1761389299369389300,9.123389404296875,1.2760000228881836,2.062999963760376,3.6389999389648438
1761389299379368400,9.133368408203125,3.315999984741211,2.5369999408721924,3.0859999656677246
1761389299389378300,9.14337841796875,4.105999946594238,1.5750000476837158,2.9709999561309814
1761389299399388000,9.153387939453125,3.7899999618530273,0.1809999942779541,4.2779998779296875
1761389299409397800,9.163397705078125,3.8610000610351562,0.08100000023841858,4.709000110626221
1761389299419377200,9.173377197265625,3.609999895095825,-0.8730000257492065,3.8540000915527344
1761389299429386800,9.18338671875,3.2799999713897705,-2.9639999866485596,2.640000104904175
1761389299439366100,9.1933662109375,3,-4.830999851226807,1.75
1761389299449406500,9.203406494140625,2.8489999771118164,-6.059000015258789,1.1030000448226929
1761389299459385600,9.213385498046875,2.7699999809265137,-6.3470001220703125,-0.15299999713897705
1761389299469395500,9.2233955078125,2.611999988555908,-6.368000030517578,-1.6399999856948853
1761389299479374600,9.23337451171875,1.2899999618530273,-6.117000102996826,-2.1640000343322754
1761389299489384400,9.243384521484375,-0.3319999873638153,-4.88100004196167,-1.3450000286102295
1761389299499363600,9.253363525390625,-1.2300000190734863,-3.38700008392334,-0.16699999570846558
1761389299509404000,9.26340380859375,-1.6469999551773071,-2.2239999771118164,-0.10199999809265137
1761389299519383000,9.273383056640625,-1.8839999437332153,-0.9520000219345093,-0.9860000014305115
1761389299529393000,9.283392822265625,-2.0920000076293945,0.23899999260902405,-1.3240000009536743
1761389299539372000,9.2933720703125,-2.256999969482422,1.4529999494552612,-0.8209999799728394
1761389299549382000,9.3033818359375,-2.3289999961853027,2.38700008392334,-0.10999999940395355
1761389299559361000,9.313361083984375,-2.2360000610351562,3.371000051498413,0.11900000274181366
1761389299569401600,9.323401611328125,-2.0850000381469727,4.160999774932861,-0.15299999713897705
1761389299579380700,9.333380615234375,-1.8619999885559082,4.232999801635742,-0.3610000014305115
1761389299589390600,9.343390625,-1.6399999856948853,3.5789999961853027,-0.382999986410141
1761389299599369700,9.35336962890625,-1.315999984741211,2.818000078201294,-0.23199999332427979
1761389299609379600,9.363379638671875,-0.8930000066757202,1.7979999780654907,-0.04500000178813934
1761389299619358700,9.373358642578125,-0.4189999997615814,0.5120000243186951,0.25600001215934753
1761389299629399000,9.38339892578125,0.10499999672174454,-0.6579999923706055,0.38499999046325684
1761389299639378400,9.39337841796875,0.44999998807907104,-1.253999948501587,0.06199999898672104
1761389299649418500,9.40341845703125,0.8379999995231628,-1.1540000438690186,-0.1459999978542328
1761389299659367400,9.413367431640625,1.2760000228881836,-0.5789999961853027,-0.5049999952316284
1761389299669407500,9.423407470703125,1.562999963760376,1.2300000190734863,-1.3309999704360962
1761389299679387000,9.433386962890625,1.347000002861023,4.276000022888184,-2.308000087738037
1761389299689396500,9.443396484375,0.7870000004768372,8.420000076293945,-2.940000057220459
1761389299699375900,9.4533759765625,0.6150000095367432,14.02299976348877,-3.802000045776367
1761389299709385500,9.463385498046875,2.0299999713897705,18.763999938964844,-4.793000221252441
1761389299719364900,9.47336474609375,5.190000057220459,21.42799949645996,-5.474999904632568
1761389299729405200,9.4834052734375,9.197999954223633,21.881000518798828,-6.38700008392334
1761389299739384300,9.49338427734375,11.984999656677246,22.714000701904297,-7.040999889373779
1761389299749424600,9.503424560546875,12.050000190734863,24.68899917602539,-5.763000011444092
1761389299759373300,9.513373291015625,10.411999702453613,27.899999618530273,-3.7660000324249268
1761389299769383200,9.523383056640625,7.668000221252441,32.60499954223633,-3.680000066757202
1761389299779362300,9.5333623046875,5.025000095367432,38.56700134277344,-4.642000198364258
1761389299789402600,9.543402587890625,2.869999885559082,42.9630012512207,-6.947999954223633
1761389299799382000,9.553382080078125,1.7929999828338623,45.25400161743164,-8.607000350952148
1761389299809391600,9.5633916015625,1.4620000123977661,44.0260009765625,-7.888999938964844
1761389299819371000,9.57337109375,1.6920000314712524,40.06800079345703,-6.408999919891357
1761389299829380600,9.583380615234375,2.130000114440918,33.797000885009766,-5.2170000076293945
1761389299839360000,9.593360107421875,2.7699999809265137,27.124000549316406,-3.4639999866485596
1761389299849400300,9.603400390625,3.6530001163482666,20.746000289916992,-1.7619999647140503
1761389299859379500,9.61337939453125,3.9189999103546143,14.597000122070312,-0.6990000009536743
1761389299869389300,9.623389404296875,3.5810000896453857,9.979000091552734,-0.23199999332427979
1761389299879368400,9.633368408203125,3.365999937057495,6.343999862670898,-0.0949999988079071
1761389299889378300,9.64337841796875,3.071000099182129,4.131999969482422,-0.1459999978542328
1761389299899357400,9.653357421875,2.7769999504089355,2.3580000400543213,0.1120000034570694
1761389299909397800,9.663397705078125,2.697999954223633,0.1599999964237213,0.621999979019165
1761389299919377000,9.673376953125,2.9059998989105225,-2.2809998989105225,1.218000054359436
1761389299929386800,9.68338671875,3.114000082015991,-4.63700008392334,1.7860000133514404
1761389299939366100,9.6933662109375,3.178999900817871,-6.317999839782715,2.1519999504089355
1761389299949406500,9.703406494140625,3.1070001125335693,-7,2.3239998817443848
1761389299959385600,9.713385498046875,2.941999912261963,-6.75600004196167,2.2880001068115234
1761389299969395500,9.7233955078125,2.5329999923706055,-5.85099983215332,1.944000005722046
1761389299979374600,9.73337451171875,1.7569999694824219,-4.544000148773193,1.5989999771118164
1761389299989384400,9.743384521484375,0.9599999785423279,-3.0350000858306885,1.3040000200271606
1761389299999363600,9.753363525390625,0.4779999852180481,-1.7430000305175781,1.1030000448226929
1761389300009404000,9.76340380859375,-0.3179999887943268,-0.5429999828338623,0.9240000247955322
1761389300019383000,9.773383056640625,-0.7850000262260437,0.5690000057220459,0.5139999985694885
1761389300029393000,9.783392822265625,-0.8569999933242798,1.4459999799728394,0.2630000114440918
1761389300039372300,9.793372314453125,-0.8999999761581421,1.812000036239624,0.07599999755620956
1761389300049382000,9.8033818359375,-0.9070000052452087,1.9839999675750732,-0.1459999978542328
1761389300059361300,9.813361328125,-0.7990000247955322,1.9989999532699585,-0.12399999797344208
1761389300069401600,9.823401611328125,-0.7990000247955322,2.2139999866485596,0.01899999938905239
1761389300079380700,9.833380615234375,-0.7990000247955322,2.4149999618530273,0.04699999839067459
1761389300089390600,9.843390625,-0.6629999876022339,2.25,0.08299999684095383
1761389300099369700,9.85336962890625,-0.4259999990463257,2.00600004196167,-0.023000000044703484
1761389300109379600,9.863379638671875,-0.1809999942779541,1.8550000190734863,-0.25999999046325684
1761389300119358700,9.873358642578125,-0.13099999725818634,2.0199999809265137,-0.5049999952316284
1761389300129399000,9.88339892578125,-0.08799999952316284,1.940999984741211,-0.4690000116825104
1761389300139378200,9.893378173828125,0.07599999755620956,1.4459999799728394,-0.13099999725818634
1761389300149388000,9.903387939453125,0.1120000034570694,1.065000057220459,0.16899999976158142
1761389300159367200,9.9133671875,0.09799999743700027,1.3669999837875366,0.01899999938905239
1761389300169407500,9.923407470703125,0.03999999910593033,2.4509999752044678,-0.43299999833106995
1761389300179387000,9.933386962890625,-0.0949999988079071,4.160999774932861,-0.8999999761581421
1761389300189396500,9.943396484375,-0.15299999713897705,6.373000144958496,-1.6319999694824219
1761389300199376000,9.9533759765625,0.010999999940395355,8.909000396728516,-2.3940000534057617
1761389300209385700,9.9633857421875,0.09799999743700027,12.119000434875488,-2.7739999294281006
1761389300219364900,9.97336474609375,-0.375,16.011999130249023,-1.940999984741211
1761389300229405200,9.9834052734375,-0.3319999873638153,20.091999053955078,0.1979999989271164
1761389300239384300,9.99338427734375,0.9670000076293945,21.91699981689453,1.6920000314712524
1761389300249394200,10.003394287109375,3.9690001010894775,20.996999740600586,2.496999979019165
1761389300259373300,10.013373291015625,8.135000228881836,19.007999420166016,0.3779999911785126
1761389300269383200,10.023383056640625,12.501999855041504,17.916000366210938,-5.195000171661377
1761389300279362300,10.0333623046875,14.383999824523926,18.55500030517578,-7.909999847412109
1761389300289402600,10.043402587890625,12.164999961853027,22.33300018310547,-5.360000133514404
1761389300299382000,10.053382080078125,6.71999979019165,27.88599967956543,-1.8910000324249268
1761389300309391600,10.0633916015625,1.031000018119812,34.96099853515625,-0.9789999723434448
1761389300319371000,10.07337109375,-4.64900016784668,42.215999603271484,-1.9630000591278076
1761389300329380600,10.083380615234375,-7.098999977111816,48.04800033569336,-2.4079999923706055
1761389300339360000,10.093360107421875,-6.961999893188477,47.17900085449219,-1.121999979019165
1761389300349400300,10.103400390625,-4.814000129699707,41.303001403808594,0.5360000133514404
1761389300359379500,10.11337939453125,-1.6399999856948853,31.944000244140625,1.555999994277954
1761389300369389300,10.123389404296875,1.6779999732971191,21.996000289916992,1.4700000286102295
1761389300379368400,10.133368408203125,3.947999954223633,12.95300006866455,0.7509999871253967
1761389300389378300,10.14337841796875,4.616000175476074,5.410999774932861,0.5139999985694885
1761389300399388000,10.153387939453125,3.9760000705718994,0.2529999911785126,0.9169999957084656
1761389300409397800,10.163397705078125,3.186000108718872,-3.322999954223633,1.1540000438690186
1761389300419377000,10.173376953125,2.446000099182129,-4.823999881744385,1.9509999752044678
1761389300429386800,10.18338671875,2.0510001182556152,-5.074999809265137,2.7269999980926514
1761389300439366000,10.193365966796875,2.2880001068115234,-4.500999927520752,2.7049999237060547
1761389300449406500,10.203406494140625,2.7119998931884766,-3.3949999809265137,1.8070000410079956
1761389300459385600,10.213385498046875,3.0929999351501465,-2.611999988555908,1.1460000276565552
1761389300469395500,10.2233955078125,3.2720000743865967,-1.9509999752044678,0.6150000095367432
1761389300479374600,10.23337451171875,3.063999891281128,-1.3980000019073486,0.38499999046325684
1761389300489384400,10.243384521484375,2.561000108718872,-1.4049999713897705,0.8019999861717224
1761389300499363600,10.253363525390625,2.015000104904175,-1.3980000019073486,1.0099999904632568
1761389300509404000,10.26340380859375,1.3980000019073486,-1.253999948501587,0.5789999961853027
1761389300519383000,10.273383056640625,0.9380000233650208,-0.9309999942779541,0.14800000190734863
1761389300529393000,10.283392822265625,0.4860000014305115,-0.5139999985694885,-0.3179999887943268
1761389300539372000,10.2933720703125,0.10499999672174454,-0.032999999821186066,-0.6200000047683716
1761389300549382000,10.3033818359375,-0.08100000023841858,0.21699999272823334,-0.6480000019073486
1761389300559361000,10.313361083984375,-0.16699999570846558,0.4259999990463257,-0.5049999952316284
1761389300569401600,10.323401611328125,-0.2529999911785126,0.382999986410141,-0.4189999997615814
1761389300579380700,10.333380615234375,-0.17399999499320984,0.4830000102519989,-0.3179999887943268
1761389300589390600,10.343390625,0.054999999701976776,0.5839999914169312,-0.289000004529953
1761389300599369700,10.35336962890625,0.2199999988079071,0.7350000143051147,-0.3970000147819519
1761389300609379600,10.363379638671875,0.21299999952316284,0.9359999895095825,-0.3970000147819519
1761389300619358700,10.373358642578125,0.25600001215934753,1.2230000495910645,-0.21699999272823334
1761389300629399000,10.38339892578125,0.22699999809265137,1.6180000305175781,-0.1889999955892563
1761389300639378200,10.393378173828125,0.1979999989271164,1.7829999923706055,-0.1379999965429306
1761389300649418500,10.40341845703125,0.24899999797344208,1.9270000457763672,0.026000000536441803
1761389300659367400,10.413367431640625,0.3779999911785126,1.9199999570846558,0.01899999938905239
1761389300669407500,10.423407470703125,0.671999990940094,1.7979999780654907,0.026000000536441803
1761389300679387000,10.433386962890625,1.0889999866485596,1.4670000076293945,0.2199999988079071
1761389300689396700,10.443396728515625,1.50600004196167,1.3519999980926514,0.6150000095367432
1761389300699375900,10.4533759765625,1.7860000133514404,1.9769999980926514,0.8809999823570251
1761389300709385700,10.4633857421875,1.7860000133514404,4.64900016784668,0.621999979019165
1761389300719364900,10.47336474609375,1.850000023841858,8.111000061035156,0.032999999821186066
1761389300729405200,10.4834052734375,2.697999954223633,10.876999855041504,0.06199999898672104
1761389300739384600,10.493384521484375,3.6459999084472656,14.036999702453613,0.14100000262260437
1761389300749394200,10.503394287109375,4.9679999351501465,17.492000579833984,0.4569999873638153
1761389300759373300,10.513373291015625,6.591000080108643,19.07200050354004,1.225000023841858
1761389300769383200,10.523383056640625,8.42300033569336,19.316999435424805,1.1749999523162842
1761389300779362300,10.5333623046875,10.562999725341797,19.48200035095215,-0.2529999911785126
1761389300789402600,10.543402587890625,11.833999633789062,17.492000579833984,-1.6319999694824219
1761389300799382000,10.553382080078125,12.480999946594238,14.230999946594238,-2.8529999256134033
1761389300809391600,10.5633916015625,12.35200023651123,14.253000259399414,-2.868000030517578
1761389300819371000,10.57337109375,9.206000328063965,18.57699966430664,-2.9179999828338623
1761389300829380900,10.583380859375,4.005000114440918,25.07699966430664,-3.4860000610351562
1761389300839360000,10.593360107421875,0.2630000114440918,34.85300064086914,-4.002999782562256
1761389300849400300,10.603400390625,-1.2369999885559082,42.89099884033203,-4.269000053405762
1761389300859379500,10.61337939453125,-0.7699999809265137,45.375999450683594,-4.4770002365112305
1761389300869389300,10.623389404296875,0.38499999046325684,41.8129997253418,-4.261000156402588
1761389300879368400,10.633368408203125,2.115999937057495,33.63199996948242,-3.0190000534057617
1761389300889378300,10.64337841796875,4.063000202178955,22.815000534057617,-1.2089999914169312
1761389300899357400,10.653357421875,5.090000152587891,11.767000198364258,0.39899998903274536
1761389300909397800,10.663397705078125,5.2769999504089355,5.202000141143799,0.8299999833106995
1761389300919377200,10.673377197265625,5.025000095367432,3.069000005722046,0.9169999957084656
1761389300929386800,10.68338671875,4.39300012588501,3.4779999256134033,1.2970000505447388
1761389300939366100,10.6933662109375,3.5810000896453857,4.706999778747559,1.440999984741211
1761389300949406200,10.70340625,3.2720000743865967,5.181000232696533,1.347000002861023
1761389300959385600,10.713385498046875,3.5959999561309814,4.138999938964844,1.0889999866485596
1761389300969364700,10.72336474609375,4.500999927520752,2.4079999923706055,0.5139999985694885
1761389300979374600,10.73337451171875,4.853000164031982,0.23899999260902405,0.1120000034570694
1761389300989384400,10.743384521484375,4.946000099182129,-2.3459999561309814,0.21299999952316284
1761389300999363600,10.753363525390625,4.816999912261963,-4.435999870300293,0.10499999672174454
1761389301009404000,10.76340380859375,4.2129998207092285,-5.169000148773193,0.004000000189989805
1761389301019383000,10.773383056640625,3.0350000858306885,-4.988999843597412,0.07599999755620956
1761389301029393000,10.783392822265625,2.2960000038146973,-3.8970000743865967,0.01899999938905239
1761389301039372000,10.7933720703125,1.656000018119812,-2.4820001125335693,-0.5619999766349792
1761389301049382000,10.8033818359375,0.9449999928474426,-0.9449999928474426,-0.9070000052452087
1761389301059361000,10.813361083984375,0.3709999918937683,0.972000002861023,-0.8709999918937683
1761389301069401300,10.8234013671875,-0.1599999964237213,2.4079999923706055,-0.656000018119812
1761389301079380700,10.833380615234375,-0.29600000381469727,3.1549999713897705,-0.49000000953674316
1761389301089390300,10.843390380859375,-0.17399999499320984,3.2920000553131104,-0.4620000123977661
1761389301099369700,10.85336962890625,0.004000000189989805,2.818000078201294,-0.22499999403953552
1761389301109379300,10.86337939453125,0.18400000035762787,1.7549999952316284,0.032999999821186066
1761389301119358700,10.873358642578125,0.33500000834465027,1.0149999856948853,0.12600000202655792
1761389301129399000,10.88339892578125,0.5139999985694885,0.4620000123977661,-0.03799999877810478
1761389301139378200,10.893378173828125,0.8230000138282776,0.03799999877810478,-0.289000004529953
1761389301149388000,10.903387939453125,0.5429999828338623,-0.10499999672174454,-0.34700000286102295
1761389301159367200,10.9133671875,0.5429999828338623,0.1809999942779541,-0.21699999272823334
1761389301169407500,10.923407470703125,0.414000004529953,0.13099999725818634,0.1770000010728836
1761389301179387000,10.933386962890625,0.2630000114440918,-0.5429999828338623,1.0169999599456787
1761389301189366000,10.943365966796875,0.9240000247955322,0.2029999941587448,1.6059999465942383
1761389301199375600,10.953375732421875,0.22699999809265137,0.2750000059604645,0.6650000214576721
1761389301209385500,10.963385498046875,-0.22499999403953552,-0.004000000189989805,0.42800000309944153
1761389301219364900,10.97336474609375,0.22699999809265137,2.0199999809265137,0.3779999911785126
1761389301229374700,10.983374755859375,-0.023000000044703484,3.5139999389648438,0.621999979019165
1761389301239384300,10.99338427734375,-0.1379999965429306,4.642000198364258,0.2919999957084656
1761389301249363700,11.00336376953125,0.19099999964237213,5.489999771118164,-0.2680000066757202
1761389301259373300,11.013373291015625,0.9240000247955322,6.250999927520752,-0.5260000228881836
1761389301269383200,11.023383056640625,1.7929999828338623,7.665999889373779,-0.8709999918937683
